source_task,source_arm,source_file,L,T,zeta,lam,N_c,dtau_mult,resample_scheme,seed,status,wall_s,n_steps,cmi_weighted_mean,cmi_within_var,n_nonfinite,n_distinct_anc_final,gess_final,ess_cum_final,ess_frac_mean,brentq_fallbacks
TASK-2026-09-02-SMC-HIGHRUNG-LAMBDA,armB,TASK-2026-09-02-SMC-HIGHRUNG-LAMBDA/armB/results/B_00000.json,64,64.0,0.35,0.2932,1024,6.0,systematic,30300000,ok,1809.34,395,0.4074448424884833,0.049426170523771275,0,2,1.9996262295332063,1012.5727419682477,0.9886982468354656,0
TASK-2026-09-02-SMC-HIGHRUNG-LAMBDA,armB,TASK-2026-09-02-SMC-HIGHRUNG-LAMBDA/armB/results/B_00001.json,64,64.0,0.35,0.2932,1024,6.0,systematic,30300001,ok,1807.84,395,0.42166569643507396,0.05612347742708057,0,2,1.0039138793360958,1011.3853362672604,0.9887530438456035,0
TASK-2026-09-02-SMC-HIGHRUNG-LAMBDA,armB,TASK-2026-09-02-SMC-HIGHRUNG-LAMBDA/armB/results/B_00002.json,64,64.0,0.35,0.2932,1024,6.0,systematic,30300002,ok,1769.16,395,0.4273677182362233,0.055515418235603006,0,4,2.5217671532671173,1011.9974295064679,0.9886835465455677,0
TASK-2026-09-02-SMC-HIGHRUNG-LAMBDA,armB,TASK-2026-09-02-SMC-HIGHRUNG-LAMBDA/armB/results/B_00003.json,64,64.0,0.35,0.2932,1024,6.0,systematic,30300003,ok,1769.18,395,0.42409195246857223,0.06850351327860156,0,3,1.4302729393149918,1012.0715989992236,0.9888218479840244,0
TASK-2026-09-02-SMC-HIGHRUNG-LAMBDA,armB,TASK-2026-09-02-SMC-HIGHRUNG-LAMBDA/armB/results/B_00004.json,64,64.0,0.35,0.2932,1024,6.0,systematic,30300004,ok,1853.07,395,0.4613140528173855,0.04707153834938814,0,3,2.8279206243898227,1013.1229801098227,0.989049323285371,0
TASK-2026-09-02-SMC-HIGHRUNG-LAMBDA,armB,TASK-2026-09-02-SMC-HIGHRUNG-LAMBDA/armB/results/B_00005.json,64,64.0,0.35,0.2932,1024,6.0,systematic,30300005,ok,1837.59,395,0.37698600286922757,0.04803266729139149,0,3,1.0078507662378606,1011.6047072562584,0.9889612744650651,0
TASK-2026-09-02-SMC-HIGHRUNG-LAMBDA,armB,TASK-2026-09-02-SMC-HIGHRUNG-LAMBDA/armB/results/B_00006.json,64,64.0,0.35,0.2932,1024,6.0,systematic,30300006,ok,1820.72,395,0.4029871143641233,0.05303986189257199,0,1,1.0,1012.499970378762,0.9886534794149018,0
TASK-2026-09-02-SMC-HIGHRUNG-LAMBDA,armB,TASK-2026-09-02-SMC-HIGHRUNG-LAMBDA/armB/results/B_00007.json,64,64.0,0.35,0.2932,1024,6.0,systematic,30300007,ok,1844.11,395,0.4081858202128652,0.04712488164408475,0,2,1.2608896413729413,1012.9744150109257,0.9888673582598468,0
TASK-2026-09-02-SMC-HIGHRUNG-LAMBDA,armB,TASK-2026-09-02-SMC-HIGHRUNG-LAMBDA/armB/results/B_00008.json,64,64.0,0.35,0.2932,1024,6.0,systematic,30300008,ok,1858.45,395,0.4131482231927652,0.05608715472907564,0,3,2.19612705407296,1012.0689427355823,0.9888698419642922,0
TASK-2026-09-02-SMC-HIGHRUNG-LAMBDA,armB,TASK-2026-09-02-SMC-HIGHRUNG-LAMBDA/armB/results/B_00009.json,64,64.0,0.35,0.2932,1024,6.0,systematic,30300009,ok,1826.71,395,0.3386965613486122,0.03934053668511197,0,2,1.1548499079270818,1012.6207200808423,0.9883691218964249,0
TASK-2026-09-02-SMC-HIGHRUNG-LAMBDA,armB,TASK-2026-09-02-SMC-HIGHRUNG-LAMBDA/armB/results/B_00010.json,64,64.0,0.35,0.2932,1024,6.0,systematic,30300010,ok,1835.53,395,0.361631276335264,0.047393774101113034,0,2,1.0098133064197707,1011.9628664460319,0.9888282453037889,0
TASK-2026-09-02-SMC-HIGHRUNG-LAMBDA,armB,TASK-2026-09-02-SMC-HIGHRUNG-LAMBDA/armB/results/B_00011.json,64,64.0,0.35,0.2932,1024,6.0,systematic,30300011,ok,1845.31,395,0.415137578135753,0.05234499227195714,0,2,1.330974098341512,1012.1629425013798,0.988770055451985,0
TASK-2026-09-02-SMC-HIGHRUNG-LAMBDA,armB,TASK-2026-09-02-SMC-HIGHRUNG-LAMBDA/armB/results/B_00012.json,64,64.0,0.35,0.2932,1024,6.0,systematic,30300012,ok,1842.42,395,0.44844174948181714,0.05225058888550896,0,3,2.0928574564992637,1012.3983002572402,0.9887407791955874,0
TASK-2026-09-02-SMC-HIGHRUNG-LAMBDA,armB,TASK-2026-09-02-SMC-HIGHRUNG-LAMBDA/armB/results/B_00013.json,64,64.0,0.35,0.2932,1024,6.0,systematic,30300013,ok,2014.16,395,0.42637242356549143,0.06701097091671039,0,3,1.8292796108984715,1011.1067798578122,0.9887849729241754,0
TASK-2026-09-02-SMC-HIGHRUNG-LAMBDA,armB,TASK-2026-09-02-SMC-HIGHRUNG-LAMBDA/armB/results/B_00014.json,64,64.0,0.35,0.2932,1024,6.0,systematic,30300014,ok,1997.17,395,0.3860641284769668,0.04884818614874413,0,1,1.0,1010.9516587860045,0.9885380801787989,0
TASK-2026-09-02-SMC-HIGHRUNG-LAMBDA,armB,TASK-2026-09-02-SMC-HIGHRUNG-LAMBDA/armB/results/B_00015.json,64,64.0,0.35,0.2932,1024,6.0,systematic,30300015,ok,2013.62,395,0.4158912741755893,0.055174615947433434,0,2,1.5698749580798161,1012.2297567680006,0.9887350373695079,0
TASK-2026-09-02-SMC-HIGHRUNG-LAMBDA,armB,TASK-2026-09-02-SMC-HIGHRUNG-LAMBDA/armB/results/B_00016.json,64,64.0,0.35,0.2932,1024,6.0,systematic,30300016,ok,2006.67,395,0.43504284194770765,0.05346536814181599,0,4,1.9137392320046722,1012.4003438566511,0.9887578197377322,0
TASK-2026-09-02-SMC-HIGHRUNG-LAMBDA,armB,TASK-2026-09-02-SMC-HIGHRUNG-LAMBDA/armB/results/B_00017.json,64,64.0,0.35,0.2932,1024,6.0,systematic,30300017,ok,2014.96,395,0.3911129129090822,0.05883203856535585,0,1,1.0,1011.8894996202307,0.9887370648151078,0
TASK-2026-09-02-SMC-HIGHRUNG-LAMBDA,armB,TASK-2026-09-02-SMC-HIGHRUNG-LAMBDA/armB/results/B_00018.json,64,64.0,0.35,0.2932,1024,6.0,systematic,30300018,ok,2007.64,395,0.4380463872483545,0.05119140525941145,0,3,2.3372846220716403,1012.820794778192,0.9884547585334421,0
TASK-2026-09-02-SMC-HIGHRUNG-LAMBDA,armB,TASK-2026-09-02-SMC-HIGHRUNG-LAMBDA/armB/results/B_00019.json,64,64.0,0.35,0.2932,1024,6.0,systematic,30300019,ok,2026.89,395,0.4626977507294815,0.05181455941840615,0,1,1.0,1013.1263478672325,0.9887844792431083,0
TASK-2026-09-02-SMC-HIGHRUNG-LAMBDA,armB,TASK-2026-09-02-SMC-HIGHRUNG-LAMBDA/armB/results/B_00020.json,64,64.0,0.35,0.2932,1024,6.0,systematic,30300020,ok,2012.68,395,0.38707518380946676,0.04613770787156136,0,2,1.644629032460444,1012.6509874442286,0.9885425464463459,0
TASK-2026-09-02-SMC-HIGHRUNG-LAMBDA,armB,TASK-2026-09-02-SMC-HIGHRUNG-LAMBDA/armB/results/B_00021.json,64,64.0,0.35,0.2932,1024,6.0,systematic,30300021,ok,1989.68,395,0.3761356073399857,0.035922301691344645,0,2,1.8908728942233828,1012.3383102146471,0.988349593883254,0
TASK-2026-09-02-SMC-HIGHRUNG-LAMBDA,armB,TASK-2026-09-02-SMC-HIGHRUNG-LAMBDA/armB/results/B_00022.json,64,64.0,0.35,0.2932,1024,6.0,systematic,30300022,ok,2013.38,395,0.4083205568617463,0.05486140964148506,0,2,1.9039470673895755,1012.5679357326944,0.9888166326190775,0
TASK-2026-09-02-SMC-HIGHRUNG-LAMBDA,armB,TASK-2026-09-02-SMC-HIGHRUNG-LAMBDA/armB/results/B_00023.json,64,64.0,0.35,0.2932,1024,6.0,systematic,30300023,ok,2016.31,395,0.39400686744028085,0.03674973967733594,0,3,2.986902449167944,1013.5759366235819,0.9886972246139166,0
TASK-2026-09-02-SMC-HIGHRUNG-LAMBDA,armB,TASK-2026-09-02-SMC-HIGHRUNG-LAMBDA/armB/results/B_00024.json,64,64.0,0.35,0.2932,1024,6.0,systematic,30300024,ok,2034.11,395,0.41517100141734453,0.05413404720548564,0,3,1.1877089808530497,1013.4557411466811,0.989018421423526,0
TASK-2026-09-02-SMC-HIGHRUNG-LAMBDA,armB,TASK-2026-09-02-SMC-HIGHRUNG-LAMBDA/armB/results/B_00025.json,64,64.0,0.35,0.2932,1024,6.0,systematic,30300025,ok,2025.07,395,0.41111516375620083,0.041929245705447954,0,1,1.0,1011.922947800952,0.9884971337209131,0
TASK-2026-09-02-SMC-HIGHRUNG-LAMBDA,armB,TASK-2026-09-02-SMC-HIGHRUNG-LAMBDA/armB/results/B_00026.json,64,64.0,0.35,0.2932,1024,6.0,systematic,30300026,ok,1996.57,395,0.4084619524343412,0.04254567041132178,0,2,1.9818480787767676,1012.7176878170592,0.9885588894192611,0
TASK-2026-09-02-SMC-HIGHRUNG-LAMBDA,armB,TASK-2026-09-02-SMC-HIGHRUNG-LAMBDA/armB/results/B_00027.json,64,64.0,0.35,0.2932,1024,6.0,systematic,30300027,ok,2006.08,395,0.44491793422040515,0.050194559462276335,0,1,1.0,1011.4840630020223,0.988783238232463,0
TASK-2026-09-02-SMC-HIGHRUNG-LAMBDA,armB,TASK-2026-09-02-SMC-HIGHRUNG-LAMBDA/armB/results/B_00028.json,64,64.0,0.35,0.2932,1024,6.0,systematic,30300028,ok,1861.97,395,0.4243350095558149,0.050022221352518825,0,1,1.0,1013.6871880393818,0.9886662760598218,0
TASK-2026-09-02-SMC-HIGHRUNG-LAMBDA,armB,TASK-2026-09-02-SMC-HIGHRUNG-LAMBDA/armB/results/B_00029.json,64,64.0,0.35,0.2932,1024,6.0,systematic,30300029,ok,1850.64,395,0.45733344242140617,0.04931728809132892,0,1,1.0,1012.5989082468421,0.9887124457682644,0
TASK-2026-09-02-SMC-HIGHRUNG-LAMBDA,armB,TASK-2026-09-02-SMC-HIGHRUNG-LAMBDA/armB/results/B_00030.json,64,64.0,0.35,0.2932,1024,6.0,systematic,30300030,ok,1862.28,395,0.392007896564626,0.05491719043219984,0,2,1.9966410876478093,1013.2549251385982,0.9884739190951033,0
TASK-2026-09-02-SMC-HIGHRUNG-LAMBDA,armB,TASK-2026-09-02-SMC-HIGHRUNG-LAMBDA/armB/results/B_00031.json,64,64.0,0.35,0.2932,1024,6.0,systematic,30300031,ok,1861.36,395,0.3347395930623828,0.052428563876286194,0,2,1.9400541732656413,1012.5171617656013,0.9887605589062686,0
TASK-2026-09-02-SMC-HIGHRUNG-LAMBDA,armB,TASK-2026-09-02-SMC-HIGHRUNG-LAMBDA/armB/results/B_00032.json,64,64.0,0.35,0.2932,1024,6.0,systematic,30300032,ok,1876.01,395,0.39813397743838363,0.048477929275182505,0,3,1.4344051719656699,1012.1691655284216,0.9888012124035013,0
TASK-2026-09-02-SMC-HIGHRUNG-LAMBDA,armB,TASK-2026-09-02-SMC-HIGHRUNG-LAMBDA/armB/results/B_00033.json,64,64.0,0.35,0.2932,1024,6.0,systematic,30300033,ok,1863.74,395,0.36168620606718516,0.04904573690009556,0,4,2.4698062455542,1011.7208247334198,0.9889992116824406,0
TASK-2026-09-02-SMC-HIGHRUNG-LAMBDA,armB,TASK-2026-09-02-SMC-HIGHRUNG-LAMBDA/armB/results/B_00034.json,64,64.0,0.35,0.2932,1024,6.0,systematic,30300034,ok,1849.86,395,0.3274572649635632,0.05171840987637172,0,1,1.0,1012.6037606049684,0.9885682408282617,0
TASK-2026-09-02-SMC-HIGHRUNG-LAMBDA,armB,TASK-2026-09-02-SMC-HIGHRUNG-LAMBDA/armB/results/B_00035.json,64,64.0,0.35,0.2932,1024,6.0,systematic,30300035,ok,1868.93,395,0.405953619274709,0.06512996885581732,0,2,1.1818403137820657,1011.7140599866157,0.9886052855814077,0
TASK-2026-09-02-SMC-HIGHRUNG-LAMBDA,armB,TASK-2026-09-02-SMC-HIGHRUNG-LAMBDA/armB/results/B_00036.json,64,64.0,0.35,0.2932,1024,6.0,systematic,30300036,ok,1850.89,395,0.42331325565608774,0.05000383133799418,0,1,1.0,1011.8056483289846,0.9886636684668926,0
TASK-2026-09-02-SMC-HIGHRUNG-LAMBDA,armB,TASK-2026-09-02-SMC-HIGHRUNG-LAMBDA/armB/results/B_00037.json,64,64.0,0.35,0.2932,1024,6.0,systematic,30300037,ok,1862.35,395,0.3994351799563013,0.05344251987403103,0,1,1.0,1011.9604589675191,0.9886260731585995,0
TASK-2026-09-02-SMC-HIGHRUNG-LAMBDA,armB,TASK-2026-09-02-SMC-HIGHRUNG-LAMBDA/armB/results/B_00038.json,64,64.0,0.35,0.2932,1024,6.0,systematic,30300038,ok,1856.8,395,0.44213785840800734,0.04435701029676852,0,1,1.0,1011.5476059886377,0.9885205494138992,0
TASK-2026-09-02-SMC-HIGHRUNG-LAMBDA,armB,TASK-2026-09-02-SMC-HIGHRUNG-LAMBDA/armB/results/B_00039.json,64,64.0,0.35,0.2932,1024,6.0,systematic,30300039,ok,1852.91,395,0.3285377776715206,0.05041106272843103,0,3,2.5179158882544197,1012.5525196335267,0.9886066626133901,0
TASK-2026-09-02-SMC-HIGHRUNG-LAMBDA,armB,TASK-2026-09-02-SMC-HIGHRUNG-LAMBDA/armB/results/B_00040.json,64,64.0,0.35,0.2932,1024,6.0,systematic,30300040,ok,1844.18,395,0.36442387364740764,0.04132352701995346,0,1,1.0,1011.892165255937,0.988527003810522,0
TASK-2026-09-02-SMC-HIGHRUNG-LAMBDA,armB,TASK-2026-09-02-SMC-HIGHRUNG-LAMBDA/armB/results/B_00041.json,64,64.0,0.35,0.2932,1024,6.0,systematic,30300041,ok,1846.24,395,0.3804436694615626,0.04272924531502489,0,1,1.0,1013.1451767797562,0.9886066589754403,0
TASK-2026-09-02-SMC-HIGHRUNG-LAMBDA,armB,TASK-2026-09-02-SMC-HIGHRUNG-LAMBDA/armB/results/B_00042.json,64,64.0,0.35,0.2932,1024,6.0,systematic,30300042,ok,1859.14,395,0.386102847937124,0.050593595619794623,0,1,1.0,1012.2435188259448,0.9889119585381149,0
TASK-2026-09-02-SMC-HIGHRUNG-LAMBDA,armB,TASK-2026-09-02-SMC-HIGHRUNG-LAMBDA/armB/results/B_00043.json,64,64.0,0.35,0.2932,1024,6.0,systematic,30300043,ok,1854.23,395,0.38001925113834,0.04900275819200098,0,3,2.25241550563439,1012.5650054851156,0.9885431184039086,0
TASK-2026-09-02-SMC-HIGHRUNG-LAMBDA,armB,TASK-2026-09-02-SMC-HIGHRUNG-LAMBDA/armB/results/B_00044.json,64,64.0,0.35,0.2932,1024,6.0,systematic,30300044,ok,1843.75,395,0.3548640790188411,0.04370105888059873,0,2,1.0520688686438977,1011.9077142779594,0.9886458131212941,0
TASK-2026-09-02-SMC-HIGHRUNG-LAMBDA,armB,TASK-2026-09-02-SMC-HIGHRUNG-LAMBDA/armB/results/B_00045.json,64,64.0,0.35,0.2932,1024,6.0,systematic,30300045,ok,1839.54,395,0.3721091586618196,0.05311914445798665,0,3,2.577988012056783,1012.4795901698379,0.9888304457064198,0
TASK-2026-09-02-SMC-HIGHRUNG-LAMBDA,armB,TASK-2026-09-02-SMC-HIGHRUNG-LAMBDA/armB/results/B_00046.json,64,64.0,0.35,0.2932,1024,6.0,systematic,30300046,ok,1828.97,395,0.4181482072242054,0.04150100138126217,0,1,1.0,1012.2881752672819,0.9884754373306612,0
TASK-2026-09-02-SMC-HIGHRUNG-LAMBDA,armB,TASK-2026-09-02-SMC-HIGHRUNG-LAMBDA/armB/results/B_00047.json,64,64.0,0.35,0.2932,1024,6.0,systematic,30300047,ok,1830.88,395,0.4116357845981149,0.04537882621016307,0,1,1.0,1012.5415902625433,0.9883411726399373,0
TASK-2026-09-02-SMC-HIGHRUNG-LAMBDA,armB,TASK-2026-09-02-SMC-HIGHRUNG-LAMBDA/armB/results/B_00048.json,64,64.0,0.35,0.2932,1024,6.0,systematic,30300048,ok,1850.17,395,0.42187869954505053,0.06276475107911127,0,3,1.251717181363479,1012.17047877443,0.9889005341685327,0
TASK-2026-09-02-SMC-HIGHRUNG-LAMBDA,armB,TASK-2026-09-02-SMC-HIGHRUNG-LAMBDA/armB/results/B_00049.json,64,64.0,0.35,0.2932,1024,6.0,systematic,30300049,ok,1838.01,395,0.3651321511754383,0.0448415349233484,0,2,1.0177325959472234,1012.6727882345424,0.988803593745109,0
TASK-2026-09-02-SMC-HIGHRUNG-LAMBDA,armB,TASK-2026-09-02-SMC-HIGHRUNG-LAMBDA/armB/results/B_00050.json,64,64.0,0.35,0.2932,1024,6.0,systematic,30300050,ok,1836.22,395,0.4392913850570817,0.045164394077745446,0,2,1.1218244025394082,1013.5364531766894,0.9886950727225878,0
TASK-2026-09-02-SMC-HIGHRUNG-LAMBDA,armB,TASK-2026-09-02-SMC-HIGHRUNG-LAMBDA/armB/results/B_00051.json,64,64.0,0.35,0.2932,1024,6.0,systematic,30300051,ok,1837.71,395,0.36004088769191767,0.03799689282826209,0,4,1.4735013813513353,1013.3935107631971,0.9886212485649225,0
TASK-2026-09-02-SMC-HIGHRUNG-LAMBDA,armB,TASK-2026-09-02-SMC-HIGHRUNG-LAMBDA/armB/results/B_00052.json,64,64.0,0.35,0.2932,1024,6.0,systematic,30300052,ok,1854.49,395,0.40857472812270335,0.051965029700388146,0,1,1.0,1012.3070618056718,0.9888861220018483,0
TASK-2026-09-02-SMC-HIGHRUNG-LAMBDA,armB,TASK-2026-09-02-SMC-HIGHRUNG-LAMBDA/armB/results/B_00053.json,64,64.0,0.35,0.2932,1024,6.0,systematic,30300053,ok,1864.62,395,0.41886301391567576,0.050498709294564494,0,1,1.0,1012.921859978466,0.9884787757937216,0
TASK-2026-09-02-SMC-HIGHRUNG-LAMBDA,armB,TASK-2026-09-02-SMC-HIGHRUNG-LAMBDA/armB/results/B_00054.json,64,64.0,0.35,0.2932,1024,6.0,systematic,30300054,ok,1780.29,395,0.4072820258976883,0.04925397865588938,0,2,1.0157470551766894,1011.7528064868277,0.9885377482440402,0
TASK-2026-09-02-SMC-HIGHRUNG-LAMBDA,armB,TASK-2026-09-02-SMC-HIGHRUNG-LAMBDA/armB/results/B_00055.json,64,64.0,0.35,0.2932,1024,6.0,systematic,30300055,ok,1780.99,395,0.4390712226452232,0.056702113740986416,0,2,1.1218244025394082,1013.0678607895089,0.9887106281009488,0
TASK-2026-09-02-SMC-HIGHRUNG-LAMBDA,armB,TASK-2026-09-02-SMC-HIGHRUNG-LAMBDA/armB/results/B_00056.json,64,64.0,0.35,0.2932,1024,6.0,systematic,30300056,ok,1784.6,395,0.4331883699124318,0.05044812818029404,0,3,2.043617398625604,1012.5071521578787,0.9887757928296258,0
TASK-2026-09-02-SMC-HIGHRUNG-LAMBDA,armB,TASK-2026-09-02-SMC-HIGHRUNG-LAMBDA/armB/results/B_00057.json,64,64.0,0.35,0.2932,1024,6.0,systematic,30300057,ok,1788.16,395,0.3890571060667265,0.03900593932003877,0,3,1.548820116511279,1012.9510827870537,0.9886851337638288,0
TASK-2026-09-02-SMC-HIGHRUNG-LAMBDA,armB,TASK-2026-09-02-SMC-HIGHRUNG-LAMBDA/armB/results/B_00058.json,64,64.0,0.35,0.2932,1024,6.0,systematic,30300058,ok,1807.32,395,0.4412649839491459,0.045867359961926306,0,2,1.8735745962770654,1013.1052822517842,0.9888825592717716,0
TASK-2026-09-02-SMC-HIGHRUNG-LAMBDA,armB,TASK-2026-09-02-SMC-HIGHRUNG-LAMBDA/armB/results/B_00059.json,64,64.0,0.35,0.2932,1024,6.0,systematic,30300059,ok,1779.01,395,0.45445397512881147,0.047769289538539254,0,3,1.2096450811332116,1012.6007612770363,0.9889792524819099,0
TASK-2026-09-02-SMC-HIGHRUNG-LAMBDA,armB,TASK-2026-09-02-SMC-HIGHRUNG-LAMBDA/armB/results/B_00060.json,64,64.0,0.35,0.2932,1024,6.0,systematic,30300060,ok,1787.05,395,0.3671278478647648,0.048015009382411294,0,3,1.0217628980298994,1012.5200077196533,0.988784489539144,0
TASK-2026-09-02-SMC-HIGHRUNG-LAMBDA,armB,TASK-2026-09-02-SMC-HIGHRUNG-LAMBDA/armB/results/B_00061.json,64,64.0,0.35,0.2932,1024,6.0,systematic,30300061,ok,1786.6,395,0.3749888312455819,0.05221003704448101,0,3,2.230035346209959,1012.3051982912278,0.9884773362758444,0
TASK-2026-09-02-SMC-HIGHRUNG-LAMBDA,armB,TASK-2026-09-02-SMC-HIGHRUNG-LAMBDA/armB/results/B_00062.json,64,64.0,0.35,0.2932,1024,6.0,systematic,30300062,ok,1792.11,395,0.39796911340783514,0.045033380810680076,0,2,1.8055984130482698,1012.4172701325514,0.9886304826111678,0
TASK-2026-09-02-SMC-HIGHRUNG-LAMBDA,armB,TASK-2026-09-02-SMC-HIGHRUNG-LAMBDA/armB/results/B_00063.json,64,64.0,0.35,0.2932,1024,6.0,systematic,30300063,ok,1800.48,395,0.39597854199708915,0.05007014010477024,0,1,1.0,1012.3147178505608,0.9888031504209854,0
TASK-2026-09-02-SMC-HIGHRUNG-LAMBDA,armB,TASK-2026-09-02-SMC-HIGHRUNG-LAMBDA/armB/results/B_00064.json,64,64.0,0.35,0.2932,1024,6.0,systematic,30300064,ok,2011.33,395,0.33375741905539535,0.04013737812958709,0,2,1.1153165418652145,1012.6735185800837,0.9882956738420208,0
TASK-2026-09-02-SMC-HIGHRUNG-LAMBDA,armB,TASK-2026-09-02-SMC-HIGHRUNG-LAMBDA/armB/results/B_00065.json,64,64.0,0.35,0.2932,1024,6.0,systematic,30300065,ok,2036.53,395,0.4848176172470403,0.05682629536331837,0,3,1.660331947316585,1011.8935139777577,0.9889681923036963,0
TASK-2026-09-02-SMC-HIGHRUNG-LAMBDA,armB,TASK-2026-09-02-SMC-HIGHRUNG-LAMBDA/armB/results/B_00066.json,64,64.0,0.35,0.2932,1024,6.0,systematic,30300066,ok,1783.23,395,0.35520115986349093,0.044781044730342064,0,4,1.594777842331477,1012.6846273621269,0.9885426774159395,0
TASK-2026-09-02-SMC-HIGHRUNG-LAMBDA,armB,TASK-2026-09-02-SMC-HIGHRUNG-LAMBDA/armB/results/B_00067.json,64,64.0,0.35,0.2932,1024,6.0,systematic,30300067,ok,1781.89,395,0.4587454620360926,0.05161650566821264,0,2,1.104543204154509,1011.6217964120156,0.988926638822716,0
TASK-2026-09-02-SMC-HIGHRUNG-LAMBDA,armB,TASK-2026-09-02-SMC-HIGHRUNG-LAMBDA/armB/results/B_00068.json,64,64.0,0.35,0.2932,1024,6.0,systematic,30300068,ok,2009.59,395,0.4269301273213766,0.051538374471063145,0,4,1.528728091276749,1012.5064300617483,0.9887229557443291,0
TASK-2026-09-02-SMC-HIGHRUNG-LAMBDA,armB,TASK-2026-09-02-SMC-HIGHRUNG-LAMBDA/armB/results/B_00069.json,64,64.0,0.35,0.2932,1024,6.0,systematic,30300069,ok,1983.38,395,0.48433896335202953,0.06355239336035337,0,1,1.0,1012.0552613862676,0.9885977077057728,0
TASK-2026-09-02-SMC-HIGHRUNG-LAMBDA,armB,TASK-2026-09-02-SMC-HIGHRUNG-LAMBDA/armB/results/B_00070.json,64,64.0,0.35,0.2932,1024,6.0,systematic,30300070,ok,1969.5,395,0.37165768205105865,0.04906311978256664,0,1,1.0,1011.64553973692,0.988354186013553,0
TASK-2026-09-02-SMC-HIGHRUNG-LAMBDA,armB,TASK-2026-09-02-SMC-HIGHRUNG-LAMBDA/armB/results/B_00071.json,64,64.0,0.35,0.2932,1024,6.0,systematic,30300071,ok,1993.9,395,0.3569685815107836,0.039051829430655265,0,4,1.1603733287298015,1012.5738781930653,0.9888227539846561,0
TASK-2026-09-02-SMC-HIGHRUNG-LAMBDA,armB,TASK-2026-09-02-SMC-HIGHRUNG-LAMBDA/armB/results/B_00072.json,64,64.0,0.35,0.2932,1024,6.0,systematic,30300072,ok,1993.28,395,0.42184394991992497,0.04792583973427129,0,2,1.773442071757889,1012.9571672097895,0.9888144955440068,0
TASK-2026-09-02-SMC-HIGHRUNG-LAMBDA,armB,TASK-2026-09-02-SMC-HIGHRUNG-LAMBDA/armB/results/B_00073.json,64,64.0,0.35,0.2932,1024,6.0,systematic,30300073,ok,1996.4,395,0.400873737731562,0.04655302973758021,0,3,1.1645565121589323,1012.4851932094333,0.9887857151926491,0
TASK-2026-09-02-SMC-HIGHRUNG-LAMBDA,armB,TASK-2026-09-02-SMC-HIGHRUNG-LAMBDA/armB/results/B_00074.json,64,64.0,0.35,0.2932,1024,6.0,systematic,30300074,ok,1980.14,395,0.4088892452105481,0.05365947038448487,0,4,2.821467971865397,1012.418263825276,0.9887512412187774,0
TASK-2026-09-02-SMC-HIGHRUNG-LAMBDA,armB,TASK-2026-09-02-SMC-HIGHRUNG-LAMBDA/armB/results/B_00075.json,64,64.0,0.35,0.2932,1024,6.0,systematic,30300075,ok,1963.0,395,0.3695926433021909,0.04594740421336604,0,1,1.0,1012.5199938647909,0.9885266315018266,0
TASK-2026-09-02-SMC-HIGHRUNG-LAMBDA,armB,TASK-2026-09-02-SMC-HIGHRUNG-LAMBDA/armB/results/B_00076.json,64,64.0,0.35,0.2932,1024,6.0,systematic,30300076,ok,1793.3,395,0.4328173877385307,0.05081008518618544,0,2,1.0459297976120416,1012.6367530867919,0.9887807107534198,0
TASK-2026-09-02-SMC-HIGHRUNG-LAMBDA,armB,TASK-2026-09-02-SMC-HIGHRUNG-LAMBDA/armB/results/B_00077.json,64,64.0,0.35,0.2932,1024,6.0,systematic,30300077,ok,1783.32,395,0.36307512141623305,0.03948850836634605,0,1,1.0,1012.9007807652681,0.9885912889145456,0
TASK-2026-09-02-SMC-HIGHRUNG-LAMBDA,armB,TASK-2026-09-02-SMC-HIGHRUNG-LAMBDA/armB/results/B_00078.json,64,64.0,0.35,0.2932,1024,6.0,systematic,30300078,ok,1832.98,395,0.3872186253943355,0.04927548414277471,0,3,1.3128566742373213,1012.120753033145,0.9885993236825859,0
TASK-2026-09-02-SMC-HIGHRUNG-LAMBDA,armB,TASK-2026-09-02-SMC-HIGHRUNG-LAMBDA/armB/results/B_00079.json,64,64.0,0.35,0.2932,1024,6.0,systematic,30300079,ok,1829.94,395,0.3690718636346335,0.06293559202982357,0,1,1.0,1012.2784977579732,0.9886638655816039,0
TASK-2026-09-02-SMC-HIGHRUNG-LAMBDA,armB,TASK-2026-09-02-SMC-HIGHRUNG-LAMBDA/armB/results/B_00080.json,64,64.0,0.35,0.2932,1024,6.0,systematic,30300080,ok,1831.31,395,0.36262377980328087,0.05137142799556831,0,2,1.0520688686438977,1012.1136653168321,0.9886662703963807,0
TASK-2026-09-02-SMC-HIGHRUNG-LAMBDA,armB,TASK-2026-09-02-SMC-HIGHRUNG-LAMBDA/armB/results/B_00081.json,64,64.0,0.35,0.2932,1024,6.0,systematic,30300081,ok,1992.27,395,0.4224952626763803,0.05583373465584743,0,6,3.0677159825634126,1012.8944725526172,0.9888253285549561,0
TASK-2026-09-02-SMC-HIGHRUNG-LAMBDA,armB,TASK-2026-09-02-SMC-HIGHRUNG-LAMBDA/armB/results/B_00082.json,64,64.0,0.35,0.2932,1024,6.0,systematic,30300082,ok,1988.16,395,0.43170777965217527,0.04151478980200667,0,2,1.0257128603429555,1011.6234266426703,0.9887012973510952,0
TASK-2026-09-02-SMC-HIGHRUNG-LAMBDA,armB,TASK-2026-09-02-SMC-HIGHRUNG-LAMBDA/armB/results/B_00083.json,64,64.0,0.35,0.2932,1024,6.0,systematic,30300083,ok,1986.39,395,0.4337853415792611,0.058061291967740236,0,1,1.0,1011.9920042034241,0.9886695731688759,0
TASK-2026-09-02-SMC-HIGHRUNG-LAMBDA,armB,TASK-2026-09-02-SMC-HIGHRUNG-LAMBDA/armB/results/B_00084.json,64,64.0,0.35,0.2932,1024,6.0,systematic,30300084,ok,1820.1,395,0.40088402775173604,0.05148111160726284,0,2,1.9989019703531996,1013.0119626768276,0.9886808927439564,0
TASK-2026-09-02-SMC-HIGHRUNG-LAMBDA,armB,TASK-2026-09-02-SMC-HIGHRUNG-LAMBDA/armB/results/B_00085.json,64,64.0,0.35,0.2932,1024,6.0,systematic,30300085,ok,1832.46,395,0.39967675757495086,0.05028099726592724,0,2,1.5395602330389024,1012.1953288431799,0.9887018703342869,0
TASK-2026-09-02-SMC-HIGHRUNG-LAMBDA,armB,TASK-2026-09-02-SMC-HIGHRUNG-LAMBDA/armB/results/B_00086.json,64,64.0,0.35,0.2932,1024,6.0,systematic,30300086,ok,1854.61,395,0.4777532529385075,0.04922944918064581,0,2,1.5496807755970678,1013.8996113227239,0.9889104649431514,0
TASK-2026-09-02-SMC-HIGHRUNG-LAMBDA,armB,TASK-2026-09-02-SMC-HIGHRUNG-LAMBDA/armB/results/B_00087.json,64,64.0,0.35,0.2932,1024,6.0,systematic,30300087,ok,1996.58,395,0.4918353831124278,0.050029616868849755,0,2,1.8942066947269542,1012.0985684105507,0.9889540516180748,0
TASK-2026-09-02-SMC-HIGHRUNG-LAMBDA,armB,TASK-2026-09-02-SMC-HIGHRUNG-LAMBDA/armB/results/B_00088.json,64,64.0,0.35,0.2932,1024,6.0,systematic,30300088,ok,2002.52,395,0.40884874427271906,0.041957423212943185,0,2,1.709644074152577,1012.984490371903,0.9886195082350137,0
TASK-2026-09-02-SMC-HIGHRUNG-LAMBDA,armB,TASK-2026-09-02-SMC-HIGHRUNG-LAMBDA/armB/results/B_00089.json,64,64.0,0.35,0.2932,1024,6.0,systematic,30300089,ok,1987.78,395,0.3843826721089524,0.04528219943763814,0,3,1.1238684424323102,1012.4747798764097,0.9887605541272694,0
TASK-2026-09-02-SMC-HIGHRUNG-LAMBDA,armB,TASK-2026-09-02-SMC-HIGHRUNG-LAMBDA/armB/results/B_00090.json,64,64.0,0.35,0.2932,1024,6.0,systematic,30300090,ok,1837.4,395,0.43987534676059115,0.04728122129071939,0,2,1.007843016639498,1011.4828919576895,0.9887837453466384,0
TASK-2026-09-02-SMC-HIGHRUNG-LAMBDA,armB,TASK-2026-09-02-SMC-HIGHRUNG-LAMBDA/armB/results/B_00091.json,64,64.0,0.35,0.2932,1024,6.0,systematic,30300091,ok,2000.0,395,0.35908890040126945,0.041260424184598424,0,2,1.4508383397579758,1013.0990058983967,0.9886722432600376,0
TASK-2026-09-02-SMC-HIGHRUNG-LAMBDA,armB,TASK-2026-09-02-SMC-HIGHRUNG-LAMBDA/armB/results/B_00092.json,64,64.0,0.35,0.2932,1024,6.0,systematic,30300092,ok,1978.48,395,0.3400369507340545,0.046966736329623816,0,3,1.0689218586576905,1012.043314600589,0.9883931220901553,0
TASK-2026-09-02-SMC-HIGHRUNG-LAMBDA,armB,TASK-2026-09-02-SMC-HIGHRUNG-LAMBDA/armB/results/B_00093.json,64,64.0,0.35,0.2932,1024,6.0,systematic,30300093,ok,1972.87,395,0.391937056178774,0.05078311204906336,0,3,1.6612578700051015,1013.0110590839056,0.9884706498314573,0
TASK-2026-09-02-SMC-HIGHRUNG-LAMBDA,armB,TASK-2026-09-02-SMC-HIGHRUNG-LAMBDA/armB/results/B_00094.json,64,64.0,0.35,0.2932,1024,6.0,systematic,30300094,ok,1970.97,395,0.3600597070128708,0.05430092995404115,0,1,1.0,1013.3432724707219,0.9884822460193369,0
TASK-2026-09-02-SMC-HIGHRUNG-LAMBDA,armB,TASK-2026-09-02-SMC-HIGHRUNG-LAMBDA/armB/results/B_00095.json,64,64.0,0.35,0.2932,1024,6.0,systematic,30300095,ok,1987.8,395,0.37948877409296694,0.05284795001089155,0,2,1.8179952009098852,1011.7612402217455,0.988632072304351,0
TASK-2026-09-02-SMC-HIGHRUNG-LAMBDA,armB,TASK-2026-09-02-SMC-HIGHRUNG-LAMBDA/armB/results/B_00096.json,64,64.0,0.35,0.3032,1024,6.0,systematic,30301000,ok,2052.93,408,0.3246121892669622,0.03362246105992077,0,3,2.395004316862258,1011.7930964434104,0.9887200951727942,0
TASK-2026-09-02-SMC-HIGHRUNG-LAMBDA,armB,TASK-2026-09-02-SMC-HIGHRUNG-LAMBDA/armB/results/B_00097.json,64,64.0,0.35,0.3032,1024,6.0,systematic,30301001,ok,1858.99,408,0.36112591240203995,0.0367309698424876,0,2,1.2872122856336161,1012.6039162475633,0.9884289422769941,0
TASK-2026-09-02-SMC-HIGHRUNG-LAMBDA,armB,TASK-2026-09-02-SMC-HIGHRUNG-LAMBDA/armB/results/B_00098.json,64,64.0,0.35,0.3032,1024,6.0,systematic,30301002,ok,1963.65,408,0.3325024588303252,0.04910349933951606,0,2,1.3580901856763925,1012.757684755342,0.9885302869234251,0
TASK-2026-09-02-SMC-HIGHRUNG-LAMBDA,armB,TASK-2026-09-02-SMC-HIGHRUNG-LAMBDA/armB/results/B_00099.json,64,64.0,0.35,0.3032,1024,6.0,systematic,30301003,ok,1872.82,408,0.3106661739022363,0.03496379979930512,0,2,1.5522087580565416,1012.153648111201,0.9885548893406644,0
TASK-2026-09-02-SMC-HIGHRUNG-LAMBDA,armB,TASK-2026-09-02-SMC-HIGHRUNG-LAMBDA/armB/results/B_00100.json,64,64.0,0.35,0.3032,1024,6.0,systematic,30301004,ok,1836.52,408,0.3717332334930922,0.04689936183867528,0,1,1.0,1013.7415870679106,0.9883645489717011,0
TASK-2026-09-02-SMC-HIGHRUNG-LAMBDA,armB,TASK-2026-09-02-SMC-HIGHRUNG-LAMBDA/armB/results/B_00101.json,64,64.0,0.35,0.3032,1024,6.0,systematic,30301005,ok,1868.37,408,0.3901181810457526,0.04344466548242759,0,3,1.4784960336596082,1012.3479630137556,0.9885810848868292,0
TASK-2026-09-02-SMC-HIGHRUNG-LAMBDA,armB,TASK-2026-09-02-SMC-HIGHRUNG-LAMBDA/armB/results/B_00102.json,64,64.0,0.35,0.3032,1024,6.0,systematic,30301006,ok,1887.05,408,0.3727328519657556,0.04043453394777901,0,2,1.0197219477660129,1012.5941072840493,0.9885484642624183,0
TASK-2026-09-02-SMC-HIGHRUNG-LAMBDA,armB,TASK-2026-09-02-SMC-HIGHRUNG-LAMBDA/armB/results/B_00103.json,64,64.0,0.35,0.3032,1024,6.0,systematic,30301007,ok,1871.04,408,0.3619049209657449,0.04318396245878271,0,1,1.0,1012.558655455572,0.9883660197914248,0
TASK-2026-09-02-SMC-HIGHRUNG-LAMBDA,armB,TASK-2026-09-02-SMC-HIGHRUNG-LAMBDA/armB/results/B_00104.json,64,64.0,0.35,0.3032,1024,6.0,systematic,30301008,ok,1879.89,408,0.3222137781505767,0.041500384282120294,0,2,1.9998092833248782,1013.0770431988269,0.9886681059494478,0
TASK-2026-09-02-SMC-HIGHRUNG-LAMBDA,armB,TASK-2026-09-02-SMC-HIGHRUNG-LAMBDA/armB/results/B_00105.json,64,64.0,0.35,0.3032,1024,6.0,systematic,30301009,ok,1868.17,408,0.38127340819571853,0.04834683477552048,0,5,2.214100804493338,1012.2961315215091,0.9885832095415118,0
TASK-2026-09-02-SMC-HIGHRUNG-LAMBDA,armB,TASK-2026-09-02-SMC-HIGHRUNG-LAMBDA/armB/results/B_00106.json,64,64.0,0.35,0.3032,1024,6.0,systematic,30301010,ok,1871.42,408,0.3453460591393669,0.029692598816066174,0,3,1.0668772116893186,1012.5069444713102,0.9884338448942238,0
TASK-2026-09-02-SMC-HIGHRUNG-LAMBDA,armB,TASK-2026-09-02-SMC-HIGHRUNG-LAMBDA/armB/results/B_00107.json,64,64.0,0.35,0.3032,1024,6.0,systematic,30301011,ok,1882.44,408,0.3363888949049523,0.0479082689483578,0,3,1.5410626315356308,1012.1838663027661,0.9888059371845762,0
TASK-2026-09-02-SMC-HIGHRUNG-LAMBDA,armB,TASK-2026-09-02-SMC-HIGHRUNG-LAMBDA/armB/results/B_00108.json,64,64.0,0.35,0.3032,1024,6.0,systematic,30301012,ok,1882.61,408,0.39251955857016674,0.04270914106329589,0,4,2.4628682290712476,1013.516090545745,0.9887600150926993,0
TASK-2026-09-02-SMC-HIGHRUNG-LAMBDA,armB,TASK-2026-09-02-SMC-HIGHRUNG-LAMBDA/armB/results/B_00109.json,64,64.0,0.35,0.3032,1024,6.0,systematic,30301013,ok,1870.79,408,0.3328012134891185,0.032000492203104546,0,3,2.487524138029198,1012.074079089442,0.9884043283257521,0
TASK-2026-09-02-SMC-HIGHRUNG-LAMBDA,armB,TASK-2026-09-02-SMC-HIGHRUNG-LAMBDA/armB/results/B_00110.json,64,64.0,0.35,0.3032,1024,6.0,systematic,30301014,ok,1870.56,408,0.3430259201946888,0.03803909180079923,0,3,1.7398841820565152,1012.5418153410528,0.9885235498883949,0
TASK-2026-09-02-SMC-HIGHRUNG-LAMBDA,armB,TASK-2026-09-02-SMC-HIGHRUNG-LAMBDA/armB/results/B_00111.json,64,64.0,0.35,0.3032,1024,6.0,systematic,30301015,ok,1788.56,408,0.37399106898162104,0.04724146274690614,0,3,1.4691905675974837,1012.0951808239697,0.9884717523636527,0
TASK-2026-09-02-SMC-HIGHRUNG-LAMBDA,armB,TASK-2026-09-02-SMC-HIGHRUNG-LAMBDA/armB/results/B_00112.json,64,64.0,0.35,0.3032,1024,6.0,systematic,30301016,ok,1708.23,408,0.3814931993405326,0.04263792340214486,0,3,2.6974403827849662,1011.9432634240734,0.9884386668308653,0
TASK-2026-09-02-SMC-HIGHRUNG-LAMBDA,armB,TASK-2026-09-02-SMC-HIGHRUNG-LAMBDA/armB/results/B_00113.json,64,64.0,0.35,0.3032,1024,6.0,systematic,30301017,ok,2061.3,408,0.3357793670687054,0.044729959792749074,0,4,3.3685725483645057,1012.6523568076719,0.988540437378376,0
TASK-2026-09-02-SMC-HIGHRUNG-LAMBDA,armB,TASK-2026-09-02-SMC-HIGHRUNG-LAMBDA/armB/results/B_00114.json,64,64.0,0.35,0.3032,1024,6.0,systematic,30301018,ok,2054.38,408,0.3637914226872302,0.03695555753626851,0,2,1.6930648307219345,1013.136279766726,0.988542444398527,0
TASK-2026-09-02-SMC-HIGHRUNG-LAMBDA,armB,TASK-2026-09-02-SMC-HIGHRUNG-LAMBDA/armB/results/B_00115.json,64,64.0,0.35,0.3032,1024,6.0,systematic,30301019,ok,2057.7,408,0.3306605065684422,0.05027566670566702,0,2,1.8681870011402508,1012.7767888451847,0.9885098216807822,0
TASK-2026-09-02-SMC-HIGHRUNG-LAMBDA,armB,TASK-2026-09-02-SMC-HIGHRUNG-LAMBDA/armB/results/B_00116.json,64,64.0,0.35,0.3032,1024,6.0,systematic,30301020,ok,2038.2,408,0.31641637785472393,0.03414134439113803,0,3,1.9727058256920431,1011.8975063979339,0.9884981653050469,0
TASK-2026-09-02-SMC-HIGHRUNG-LAMBDA,armB,TASK-2026-09-02-SMC-HIGHRUNG-LAMBDA/armB/results/B_00117.json,64,64.0,0.35,0.3032,1024,6.0,systematic,30301021,ok,2060.13,408,0.30667168023419283,0.03604810319050577,0,2,1.6174489811658364,1011.8666637741336,0.9885575391804173,0
TASK-2026-09-02-SMC-HIGHRUNG-LAMBDA,armB,TASK-2026-09-02-SMC-HIGHRUNG-LAMBDA/armB/results/B_00118.json,64,64.0,0.35,0.3032,1024,6.0,systematic,30301022,ok,2059.53,408,0.3285035802914149,0.031103447537404523,0,3,1.8162003374059923,1012.0687052255789,0.9886470224013921,0
TASK-2026-09-02-SMC-HIGHRUNG-LAMBDA,armB,TASK-2026-09-02-SMC-HIGHRUNG-LAMBDA/armB/results/B_00119.json,64,64.0,0.35,0.3032,1024,6.0,systematic,30301023,ok,2071.66,408,0.34240056363508686,0.03978124134083688,0,5,2.7441731438590984,1012.586707958228,0.9888296330463832,0
TASK-2026-09-02-SMC-HIGHRUNG-LAMBDA,armB,TASK-2026-09-02-SMC-HIGHRUNG-LAMBDA/armB/results/B_00120.json,64,64.0,0.35,0.3032,1024,6.0,systematic,30301024,ok,1878.76,408,0.2962185294186046,0.029188851699899,0,2,1.343267368334751,1012.0060559121621,0.9885808298616326,0
TASK-2026-09-02-SMC-HIGHRUNG-LAMBDA,armB,TASK-2026-09-02-SMC-HIGHRUNG-LAMBDA/armB/results/B_00121.json,64,64.0,0.35,0.3032,1024,6.0,systematic,30301025,ok,1898.95,408,0.37950352636525964,0.038794521565891256,0,1,1.0,1012.6670063034313,0.9887417216373515,0
TASK-2026-09-02-SMC-HIGHRUNG-LAMBDA,armB,TASK-2026-09-02-SMC-HIGHRUNG-LAMBDA/armB/results/B_00122.json,64,64.0,0.35,0.3032,1024,6.0,systematic,30301026,ok,2039.23,408,0.35944998398912664,0.0423697333106482,0,1,1.0,1012.0888195152598,0.9883330897447712,0
TASK-2026-09-02-SMC-HIGHRUNG-LAMBDA,armB,TASK-2026-09-02-SMC-HIGHRUNG-LAMBDA/armB/results/B_00123.json,64,64.0,0.35,0.3032,1024,6.0,systematic,30301027,ok,2072.11,408,0.36971750709492535,0.04623690524988044,0,1,1.0,1012.9593732097171,0.9885662724353652,0
TASK-2026-09-02-SMC-HIGHRUNG-LAMBDA,armB,TASK-2026-09-02-SMC-HIGHRUNG-LAMBDA/armB/results/B_00124.json,64,64.0,0.35,0.3032,1024,6.0,systematic,30301028,ok,2054.13,408,0.3133856913962685,0.03558517816510619,0,1,1.0,1011.8892909741588,0.9887055006956417,0
TASK-2026-09-02-SMC-HIGHRUNG-LAMBDA,armB,TASK-2026-09-02-SMC-HIGHRUNG-LAMBDA/armB/results/B_00125.json,64,64.0,0.35,0.3032,1024,6.0,systematic,30301029,ok,2054.49,408,0.33320688126629994,0.03267884600184605,0,2,1.089615269510857,1012.2835898787828,0.9884451443271222,0
TASK-2026-09-02-SMC-HIGHRUNG-LAMBDA,armB,TASK-2026-09-02-SMC-HIGHRUNG-LAMBDA/armB/results/B_00126.json,64,64.0,0.35,0.3032,1024,6.0,systematic,30301030,ok,2074.6,408,0.37675868544595303,0.039086560826010995,0,2,1.760153089486848,1011.8822295642713,0.9886295925144517,0
TASK-2026-09-02-SMC-HIGHRUNG-LAMBDA,armB,TASK-2026-09-02-SMC-HIGHRUNG-LAMBDA/armB/results/B_00127.json,64,64.0,0.35,0.3032,1024,6.0,systematic,30301031,ok,2052.5,408,0.3542559192578644,0.044624047300043976,0,2,1.6248930763032294,1012.5877519511218,0.9886296253386713,0
TASK-2026-09-02-SMC-HIGHRUNG-LAMBDA,armB,TASK-2026-09-02-SMC-HIGHRUNG-LAMBDA/armB/results/B_00128.json,64,64.0,0.35,0.3032,1024,6.0,systematic,30301032,ok,2133.63,408,0.39895983827620585,0.04930031073080816,0,3,1.3661053251446782,1011.2231207878262,0.9885033914074838,0
TASK-2026-09-02-SMC-HIGHRUNG-LAMBDA,armB,TASK-2026-09-02-SMC-HIGHRUNG-LAMBDA/armB/results/B_00129.json,64,64.0,0.35,0.3032,1024,6.0,systematic,30301033,ok,1893.34,408,0.3785645120968224,0.04372053985908179,0,2,1.2001062105716143,1012.3749813859006,0.9885008526788999,0
TASK-2026-09-02-SMC-HIGHRUNG-LAMBDA,armB,TASK-2026-09-02-SMC-HIGHRUNG-LAMBDA/armB/results/B_00130.json,64,64.0,0.35,0.3032,1024,6.0,systematic,30301034,ok,1835.64,408,0.36024886202027084,0.04954489508012174,0,2,1.937444569266245,1012.7167550294413,0.9886361652139088,0
TASK-2026-09-02-SMC-HIGHRUNG-LAMBDA,armB,TASK-2026-09-02-SMC-HIGHRUNG-LAMBDA/armB/results/B_00131.json,64,64.0,0.35,0.3032,1024,6.0,systematic,30301035,ok,1851.25,408,0.3413495208929458,0.03866627125174449,0,2,1.4964564310852198,1012.6149161846186,0.9887030858871216,0
TASK-2026-09-02-SMC-HIGHRUNG-LAMBDA,armB,TASK-2026-09-02-SMC-HIGHRUNG-LAMBDA/armB/results/B_00132.json,64,64.0,0.35,0.3032,1024,6.0,systematic,30301036,ok,1836.61,408,0.34945822218419464,0.045126005217160016,0,2,1.8699927595418895,1011.5758513176711,0.988385234307147,0
TASK-2026-09-02-SMC-HIGHRUNG-LAMBDA,armB,TASK-2026-09-02-SMC-HIGHRUNG-LAMBDA/armB/results/B_00133.json,64,64.0,0.35,0.3032,1024,6.0,systematic,30301037,ok,1825.73,408,0.3545631637943906,0.04697022733870515,0,1,1.0,1012.5089341555414,0.9885853520592753,0
TASK-2026-09-02-SMC-HIGHRUNG-LAMBDA,armB,TASK-2026-09-02-SMC-HIGHRUNG-LAMBDA/armB/results/B_00134.json,64,64.0,0.35,0.3032,1024,6.0,systematic,30301038,ok,2051.82,408,0.3601893283225805,0.04756918652937388,0,3,2.0233405372028406,1012.6379914438272,0.9887028397997383,0
TASK-2026-09-02-SMC-HIGHRUNG-LAMBDA,armB,TASK-2026-09-02-SMC-HIGHRUNG-LAMBDA/armB/results/B_00135.json,64,64.0,0.35,0.3032,1024,6.0,systematic,30301039,ok,2051.87,408,0.35296508915842356,0.04198913963834989,0,3,1.9697930599179454,1012.3294806518448,0.9884201944553743,0
TASK-2026-09-02-SMC-HIGHRUNG-LAMBDA,armB,TASK-2026-09-02-SMC-HIGHRUNG-LAMBDA/armB/results/B_00136.json,64,64.0,0.35,0.3032,1024,6.0,systematic,30301040,ok,2037.66,408,0.35458791865159917,0.0374255866626103,0,5,1.7743603627995126,1013.6606660363153,0.988564424743224,0
TASK-2026-09-02-SMC-HIGHRUNG-LAMBDA,armB,TASK-2026-09-02-SMC-HIGHRUNG-LAMBDA/armB/results/B_00137.json,64,64.0,0.35,0.3032,1024,6.0,systematic,30301041,ok,2034.97,408,0.3481073470269027,0.04794201737388642,0,2,1.6421718634989741,1011.6819263482379,0.9885733122000108,0
TASK-2026-09-02-SMC-HIGHRUNG-LAMBDA,armB,TASK-2026-09-02-SMC-HIGHRUNG-LAMBDA/armB/results/B_00138.json,64,64.0,0.35,0.3032,1024,6.0,systematic,30301042,ok,2060.31,408,0.3873605249000235,0.041092143501737406,0,2,1.4079835001933572,1012.9808474600111,0.9888080220916994,0
TASK-2026-09-02-SMC-HIGHRUNG-LAMBDA,armB,TASK-2026-09-02-SMC-HIGHRUNG-LAMBDA/armB/results/B_00139.json,64,64.0,0.35,0.3032,1024,6.0,systematic,30301043,ok,2060.81,408,0.3862256608589665,0.04816143559556773,0,2,1.9720083501024956,1012.0313845121419,0.9886238721476233,0
TASK-2026-09-02-SMC-HIGHRUNG-LAMBDA,armB,TASK-2026-09-02-SMC-HIGHRUNG-LAMBDA/armB/results/B_00140.json,64,64.0,0.35,0.3032,1024,6.0,systematic,30301044,ok,2037.25,408,0.35197593385658443,0.04589075652465655,0,1,1.0,1012.8693406940756,0.9885625071124404,0
TASK-2026-09-02-SMC-HIGHRUNG-LAMBDA,armB,TASK-2026-09-02-SMC-HIGHRUNG-LAMBDA/armB/results/B_00141.json,64,64.0,0.35,0.3032,1024,6.0,systematic,30301045,ok,1981.5,408,0.36257143942223413,0.05243074599087637,0,2,1.8476914781517728,1011.5846390304092,0.9885512494843286,0
TASK-2026-09-02-SMC-HIGHRUNG-LAMBDA,armB,TASK-2026-09-02-SMC-HIGHRUNG-LAMBDA/armB/results/B_00142.json,64,64.0,0.35,0.3032,1024,6.0,systematic,30301046,ok,2003.37,408,0.42379835684331446,0.05046392366959872,0,3,1.7002519790244488,1013.1158103035383,0.9888061283697345,0
TASK-2026-09-02-SMC-HIGHRUNG-LAMBDA,armB,TASK-2026-09-02-SMC-HIGHRUNG-LAMBDA/armB/results/B_00143.json,64,64.0,0.35,0.3032,1024,6.0,systematic,30301047,ok,2056.09,408,0.3625145589242912,0.04365445853540202,0,2,1.0177325959472234,1011.9863829715983,0.9885728851034347,0
TASK-2026-09-02-SMC-HIGHRUNG-LAMBDA,armB,TASK-2026-09-02-SMC-HIGHRUNG-LAMBDA/armB/results/B_00144.json,64,64.0,0.35,0.3032,1024,6.0,systematic,30301048,ok,2052.55,408,0.3577781715797296,0.039348701940651126,0,2,1.0603072392955661,1012.55900280545,0.988548510079021,0
TASK-2026-09-02-SMC-HIGHRUNG-LAMBDA,armB,TASK-2026-09-02-SMC-HIGHRUNG-LAMBDA/armB/results/B_00145.json,64,64.0,0.35,0.3032,1024,6.0,systematic,30301049,ok,2046.83,408,0.38466994781130237,0.053827266117327924,0,2,1.5294282380396733,1012.7471136207529,0.9883662159183539,0
TASK-2026-09-02-SMC-HIGHRUNG-LAMBDA,armB,TASK-2026-09-02-SMC-HIGHRUNG-LAMBDA/armB/results/B_00146.json,64,64.0,0.35,0.3032,1024,6.0,systematic,30301050,ok,2056.32,408,0.3898590624656427,0.03592324033210182,0,3,2.858417066934178,1012.077596294692,0.9884339276409085,0
TASK-2026-09-02-SMC-HIGHRUNG-LAMBDA,armB,TASK-2026-09-02-SMC-HIGHRUNG-LAMBDA/armB/results/B_00147.json,64,64.0,0.35,0.3032,1024,6.0,systematic,30301051,ok,2056.11,408,0.3824746169745983,0.04300653441373487,0,2,1.4989935956084173,1011.9511337631883,0.9885172306429136,0
TASK-2026-09-02-SMC-HIGHRUNG-LAMBDA,armB,TASK-2026-09-02-SMC-HIGHRUNG-LAMBDA/armB/results/B_00148.json,64,64.0,0.35,0.3032,1024,6.0,systematic,30301052,ok,2060.68,408,0.30462691138094444,0.03683388047253326,0,1,1.0,1012.3560239948642,0.9886036362915829,0
TASK-2026-09-02-SMC-HIGHRUNG-LAMBDA,armB,TASK-2026-09-02-SMC-HIGHRUNG-LAMBDA/armB/results/B_00149.json,64,64.0,0.35,0.3032,1024,6.0,systematic,30301053,ok,2023.64,408,0.2776876328400274,0.035575238973475656,0,2,1.2490393159786828,1011.8648903504801,0.9883165555824673,0
TASK-2026-09-02-SMC-HIGHRUNG-LAMBDA,armB,TASK-2026-09-02-SMC-HIGHRUNG-LAMBDA/armB/results/B_00150.json,64,64.0,0.35,0.3032,1024,6.0,systematic,30301054,ok,2077.18,408,0.34727190941002717,0.04861415889948683,0,2,1.0748694566485364,1011.8592784823687,0.9886435351488856,0
TASK-2026-09-02-SMC-HIGHRUNG-LAMBDA,armB,TASK-2026-09-02-SMC-HIGHRUNG-LAMBDA/armB/results/B_00151.json,64,64.0,0.35,0.3032,1024,6.0,systematic,30301055,ok,1983.52,408,0.3237764069484672,0.050404094280429225,0,3,2.2499216822229373,1013.120757594696,0.9884386736573564,0
TASK-2026-09-02-SMC-HIGHRUNG-LAMBDA,armB,TASK-2026-09-02-SMC-HIGHRUNG-LAMBDA/armB/results/B_00152.json,64,64.0,0.35,0.3032,1024,6.0,systematic,30301056,ok,1985.44,408,0.32909370141054917,0.046011437444929165,0,3,1.3143245350373398,1012.4498254805363,0.9886177176265338,0
TASK-2026-09-02-SMC-HIGHRUNG-LAMBDA,armB,TASK-2026-09-02-SMC-HIGHRUNG-LAMBDA/armB/results/B_00153.json,64,64.0,0.35,0.3032,1024,6.0,systematic,30301057,ok,2053.72,408,0.3239744590802125,0.05119793195730563,0,3,1.3681979978914185,1012.0010332844759,0.988613227342161,0
TASK-2026-09-02-SMC-HIGHRUNG-LAMBDA,armB,TASK-2026-09-02-SMC-HIGHRUNG-LAMBDA/armB/results/B_00154.json,64,64.0,0.35,0.3032,1024,6.0,systematic,30301058,ok,2048.87,408,0.36745764847465473,0.032438413709224116,0,3,1.980769884657088,1012.1789547074446,0.9888291998826707,0
TASK-2026-09-02-SMC-HIGHRUNG-LAMBDA,armB,TASK-2026-09-02-SMC-HIGHRUNG-LAMBDA/armB/results/B_00155.json,64,64.0,0.35,0.3032,1024,6.0,systematic,30301059,ok,2053.79,408,0.37657696264219115,0.041187654898847,0,1,1.0,1012.6705197837772,0.9883955841981895,0
TASK-2026-09-02-SMC-HIGHRUNG-LAMBDA,armB,TASK-2026-09-02-SMC-HIGHRUNG-LAMBDA/armB/results/B_00156.json,64,64.0,0.35,0.3032,1024,6.0,systematic,30301060,ok,2063.47,408,0.3619191827188093,0.04279218008651851,0,1,1.0,1013.7027538873267,0.9884646511800826,0
TASK-2026-09-02-SMC-HIGHRUNG-LAMBDA,armB,TASK-2026-09-02-SMC-HIGHRUNG-LAMBDA/armB/results/B_00157.json,64,64.0,0.35,0.3032,1024,6.0,systematic,30301061,ok,2033.14,408,0.32837288261015773,0.0345452435491106,0,1,1.0,1011.9147393516686,0.9884121493654714,0
TASK-2026-09-02-SMC-HIGHRUNG-LAMBDA,armB,TASK-2026-09-02-SMC-HIGHRUNG-LAMBDA/armB/results/B_00158.json,64,64.0,0.35,0.3032,1024,6.0,systematic,30301062,ok,2055.57,408,0.3608725218064724,0.04770998345442811,0,3,2.007896964149621,1012.246069423643,0.988780558915099,0
TASK-2026-09-02-SMC-HIGHRUNG-LAMBDA,armB,TASK-2026-09-02-SMC-HIGHRUNG-LAMBDA/armB/results/B_00159.json,64,64.0,0.35,0.3032,1024,6.0,systematic,30301063,ok,2059.52,408,0.31682655226443657,0.03427224341321995,0,4,2.2008840678876824,1011.77268402321,0.9883821422033386,0
TASK-2026-09-02-SMC-HIGHRUNG-LAMBDA,armB,TASK-2026-09-02-SMC-HIGHRUNG-LAMBDA/armB/results/B_00160.json,64,64.0,0.35,0.3032,1024,6.0,systematic,30301064,ok,2032.69,408,0.39312453477496845,0.039626543487931466,0,4,1.5596985842503428,1013.1204222297604,0.98844950927166,0
TASK-2026-09-02-SMC-HIGHRUNG-LAMBDA,armB,TASK-2026-09-02-SMC-HIGHRUNG-LAMBDA/armB/results/B_00161.json,64,64.0,0.35,0.3032,1024,6.0,systematic,30301065,ok,2057.52,408,0.36335521740386456,0.04577587594644812,0,3,2.192967119379949,1012.1608117392494,0.988490211422736,0
TASK-2026-09-02-SMC-HIGHRUNG-LAMBDA,armB,TASK-2026-09-02-SMC-HIGHRUNG-LAMBDA/armB/results/B_00162.json,64,64.0,0.35,0.3032,1024,6.0,systematic,30301066,ok,2026.91,408,0.3187186689990389,0.039714630117711175,0,3,2.6008284346553565,1012.7527321592352,0.9886292341424473,0
TASK-2026-09-02-SMC-HIGHRUNG-LAMBDA,armB,TASK-2026-09-02-SMC-HIGHRUNG-LAMBDA/armB/results/B_00163.json,64,64.0,0.35,0.3032,1024,6.0,systematic,30301067,ok,2060.25,408,0.4183160098156997,0.04673481932688746,0,3,2.0262573092634892,1012.5744129857592,0.9886920406865849,0
TASK-2026-09-02-SMC-HIGHRUNG-LAMBDA,armB,TASK-2026-09-02-SMC-HIGHRUNG-LAMBDA/armB/results/B_00164.json,64,64.0,0.35,0.3032,1024,6.0,systematic,30301068,ok,2165.61,408,0.30223351255381886,0.03560297911839348,0,1,1.0,1011.9413309727684,0.9885468970676626,0
TASK-2026-09-02-SMC-HIGHRUNG-LAMBDA,armB,TASK-2026-09-02-SMC-HIGHRUNG-LAMBDA/armB/results/B_00165.json,64,64.0,0.35,0.3032,1024,6.0,systematic,30301069,ok,2042.78,408,0.365739508330036,0.040172263191721826,0,3,1.6573717269873585,1011.3315606928552,0.9886357666966263,0
TASK-2026-09-02-SMC-HIGHRUNG-LAMBDA,armB,TASK-2026-09-02-SMC-HIGHRUNG-LAMBDA/armB/results/B_00166.json,64,64.0,0.35,0.3032,1024,6.0,systematic,30301070,ok,2033.72,408,0.3317142415961688,0.03613609422534793,0,1,1.0,1012.3654418918712,0.9883557199944525,0
TASK-2026-09-02-SMC-HIGHRUNG-LAMBDA,armB,TASK-2026-09-02-SMC-HIGHRUNG-LAMBDA/armB/results/B_00167.json,64,64.0,0.35,0.3032,1024,6.0,systematic,30301071,ok,2054.55,408,0.35681232788252126,0.03683392178178939,0,1,1.0,1012.0882230096088,0.988301145974429,0
TASK-2026-09-02-SMC-HIGHRUNG-LAMBDA,armB,TASK-2026-09-02-SMC-HIGHRUNG-LAMBDA/armB/results/B_00168.json,64,64.0,0.35,0.3032,1024,6.0,systematic,30301072,ok,2078.61,408,0.32864795015041126,0.036168089444454,0,2,1.395448121305358,1012.8950076702122,0.9888550933280169,0
TASK-2026-09-02-SMC-HIGHRUNG-LAMBDA,armB,TASK-2026-09-02-SMC-HIGHRUNG-LAMBDA/armB/results/B_00169.json,64,64.0,0.35,0.3032,1024,6.0,systematic,30301073,ok,2073.13,408,0.36536252430969096,0.037158601852091806,0,6,2.7238287216466994,1012.2027142095825,0.9887426349416174,0
TASK-2026-09-02-SMC-HIGHRUNG-LAMBDA,armB,TASK-2026-09-02-SMC-HIGHRUNG-LAMBDA/armB/results/B_00170.json,64,64.0,0.35,0.3032,1024,6.0,systematic,30301074,ok,2044.32,408,0.3439218563305816,0.03830374778962311,0,1,1.0,1011.8059025083268,0.9883626524510386,0
TASK-2026-09-02-SMC-HIGHRUNG-LAMBDA,armB,TASK-2026-09-02-SMC-HIGHRUNG-LAMBDA/armB/results/B_00171.json,64,64.0,0.35,0.3032,1024,6.0,systematic,30301075,ok,2048.47,408,0.3495233300397361,0.03668776766966343,0,1,1.0,1013.507603720137,0.9885503164678247,0
TASK-2026-09-02-SMC-HIGHRUNG-LAMBDA,armB,TASK-2026-09-02-SMC-HIGHRUNG-LAMBDA/armB/results/B_00172.json,64,64.0,0.35,0.3032,1024,6.0,systematic,30301076,ok,2035.97,408,0.3553101256335194,0.05198766895439785,0,3,2.5256058847048735,1012.0060201466831,0.9884115391549333,0
TASK-2026-09-02-SMC-HIGHRUNG-LAMBDA,armB,TASK-2026-09-02-SMC-HIGHRUNG-LAMBDA/armB/results/B_00173.json,64,64.0,0.35,0.3032,1024,6.0,systematic,30301077,ok,2060.15,408,0.3866091390381059,0.049066583454358444,0,2,1.2824013717092309,1012.3159401023192,0.9886723168144173,0
TASK-2026-09-02-SMC-HIGHRUNG-LAMBDA,armB,TASK-2026-09-02-SMC-HIGHRUNG-LAMBDA/armB/results/B_00174.json,64,64.0,0.35,0.3032,1024,6.0,systematic,30301078,ok,2057.21,408,0.37378908180980736,0.04794265865817404,0,2,1.531962142750699,1013.0806044120823,0.9886130241838841,0
TASK-2026-09-02-SMC-HIGHRUNG-LAMBDA,armB,TASK-2026-09-02-SMC-HIGHRUNG-LAMBDA/armB/results/B_00175.json,64,64.0,0.35,0.3032,1024,6.0,systematic,30301079,ok,2058.86,408,0.3652782221486802,0.04125328033472944,0,3,1.8097305880119432,1012.5658617708679,0.9887388644950289,0
TASK-2026-09-02-SMC-HIGHRUNG-LAMBDA,armB,TASK-2026-09-02-SMC-HIGHRUNG-LAMBDA/armB/results/B_00176.json,64,64.0,0.35,0.3032,1024,6.0,systematic,30301080,ok,2048.57,408,0.36044715782202125,0.03685685925044604,0,3,2.784278529816307,1012.0980539605907,0.9885638090945739,0
TASK-2026-09-02-SMC-HIGHRUNG-LAMBDA,armB,TASK-2026-09-02-SMC-HIGHRUNG-LAMBDA/armB/results/B_00177.json,64,64.0,0.35,0.3032,1024,6.0,systematic,30301081,ok,2068.32,408,0.35082258983772435,0.046314036382485255,0,2,1.0058765408412873,1012.1593440015099,0.9884661641822639,0
TASK-2026-09-02-SMC-HIGHRUNG-LAMBDA,armB,TASK-2026-09-02-SMC-HIGHRUNG-LAMBDA/armB/results/B_00178.json,64,64.0,0.35,0.3032,1024,6.0,systematic,30301082,ok,2066.34,408,0.31215731104979516,0.042004301588354824,0,3,1.0378344138169942,1011.8654175001773,0.9887171472776856,0
TASK-2026-09-02-SMC-HIGHRUNG-LAMBDA,armB,TASK-2026-09-02-SMC-HIGHRUNG-LAMBDA/armB/results/B_00179.json,64,64.0,0.35,0.3032,1024,6.0,systematic,30301083,ok,2069.06,408,0.32686487193957936,0.04188519848499921,0,3,1.3062038003602545,1012.1679718180227,0.9885004681566262,0
TASK-2026-09-02-SMC-HIGHRUNG-LAMBDA,armB,TASK-2026-09-02-SMC-HIGHRUNG-LAMBDA/armB/results/B_00180.json,64,64.0,0.35,0.3032,1024,6.0,systematic,30301084,ok,2034.14,408,0.39276184894061095,0.04003931739338321,0,4,2.574544668856774,1012.2435394953345,0.9886466027597888,0
TASK-2026-09-02-SMC-HIGHRUNG-LAMBDA,armB,TASK-2026-09-02-SMC-HIGHRUNG-LAMBDA/armB/results/B_00181.json,64,64.0,0.35,0.3032,1024,6.0,systematic,30301085,ok,2054.1,408,0.38642650404286655,0.04760160381257751,0,2,1.0137653262279835,1012.692339535327,0.9884956774046758,0
TASK-2026-09-02-SMC-HIGHRUNG-LAMBDA,armB,TASK-2026-09-02-SMC-HIGHRUNG-LAMBDA/armB/results/B_00182.json,64,64.0,0.35,0.3032,1024,6.0,systematic,30301086,ok,2048.17,408,0.33974586143669827,0.03538182873548745,0,3,1.7249777093429932,1011.9214199742903,0.9886284598938447,0
TASK-2026-09-02-SMC-HIGHRUNG-LAMBDA,armB,TASK-2026-09-02-SMC-HIGHRUNG-LAMBDA/armB/results/B_00183.json,64,64.0,0.35,0.3032,1024,6.0,systematic,30301087,ok,2056.94,408,0.35604300730420824,0.04086962288140927,0,1,1.0,1013.1024754171758,0.9885008299768078,0
TASK-2026-09-02-SMC-HIGHRUNG-LAMBDA,armB,TASK-2026-09-02-SMC-HIGHRUNG-LAMBDA/armB/results/B_00184.json,64,64.0,0.35,0.3032,1024,6.0,systematic,30301088,ok,2085.99,408,0.3706909537248625,0.04154806042628311,0,2,1.4432540163185306,1012.7877794375702,0.9885928009259676,0
TASK-2026-09-02-SMC-HIGHRUNG-LAMBDA,armB,TASK-2026-09-02-SMC-HIGHRUNG-LAMBDA/armB/results/B_00185.json,64,64.0,0.35,0.3032,1024,6.0,systematic,30301089,ok,2045.02,408,0.3721490330173115,0.042177087074970046,0,3,1.2975241790985677,1012.720863420843,0.9886237080880684,0
TASK-2026-09-02-SMC-HIGHRUNG-LAMBDA,armB,TASK-2026-09-02-SMC-HIGHRUNG-LAMBDA/armB/results/B_00186.json,64,64.0,0.35,0.3032,1024,6.0,systematic,30301090,ok,2066.78,408,0.3265147959298037,0.032766391098858004,0,1,1.0,1012.3440940216074,0.9886940775263181,0
TASK-2026-09-02-SMC-HIGHRUNG-LAMBDA,armB,TASK-2026-09-02-SMC-HIGHRUNG-LAMBDA/armB/results/B_00187.json,64,64.0,0.35,0.3032,1024,6.0,systematic,30301091,ok,2051.27,408,0.3454795087305236,0.03685474610407045,0,2,1.7329256804772843,1011.8598250668585,0.9885325208347088,0
TASK-2026-09-02-SMC-HIGHRUNG-LAMBDA,armB,TASK-2026-09-02-SMC-HIGHRUNG-LAMBDA/armB/results/B_00188.json,64,64.0,0.35,0.3032,1024,6.0,systematic,30301092,ok,2090.93,408,0.3293160894217518,0.03417131519631334,0,1,1.0,1011.8043246138571,0.988648832972541,0
TASK-2026-09-02-SMC-HIGHRUNG-LAMBDA,armB,TASK-2026-09-02-SMC-HIGHRUNG-LAMBDA/armB/results/B_00189.json,64,64.0,0.35,0.3032,1024,6.0,systematic,30301093,ok,2077.55,408,0.3302701731974892,0.04035041076557535,0,4,2.1816608132625377,1011.6529501948297,0.9887679104303633,0
TASK-2026-09-02-SMC-HIGHRUNG-LAMBDA,armB,TASK-2026-09-02-SMC-HIGHRUNG-LAMBDA/armB/results/B_00190.json,64,64.0,0.35,0.3032,1024,6.0,systematic,30301094,ok,2052.08,408,0.3120423329099547,0.035950455811609945,0,3,1.2983435402030148,1012.5747643028532,0.9884889762402628,0
TASK-2026-09-02-SMC-HIGHRUNG-LAMBDA,armB,TASK-2026-09-02-SMC-HIGHRUNG-LAMBDA/armB/results/B_00191.json,64,64.0,0.35,0.3032,1024,6.0,systematic,30301095,ok,2064.24,408,0.4256511245685895,0.04466753720303903,0,2,1.516751768330609,1012.6376433991488,0.9886209448207646,0
TASK-2026-09-02-SMC-HIGHRUNG-LAMBDA,armB,TASK-2026-09-02-SMC-HIGHRUNG-LAMBDA/armB/results/B_00192.json,64,64.0,0.35,0.3132,1024,6.0,systematic,30302000,ok,2071.51,421,0.3034998722381036,0.03359921976174139,0,3,2.010021584361114,1012.1898059638814,0.9882508194161271,0
TASK-2026-09-02-SMC-HIGHRUNG-LAMBDA,armB,TASK-2026-09-02-SMC-HIGHRUNG-LAMBDA/armB/results/B_00193.json,64,64.0,0.35,0.3132,1024,6.0,systematic,30302001,ok,2104.72,421,0.37459119864241597,0.04304769955683382,0,2,1.5874767232374003,1011.6464870968556,0.9884157369183242,0
TASK-2026-09-02-SMC-HIGHRUNG-LAMBDA,armB,TASK-2026-09-02-SMC-HIGHRUNG-LAMBDA/armB/results/B_00194.json,64,64.0,0.35,0.3132,1024,6.0,systematic,30302002,ok,1871.43,421,0.3438203303466313,0.0347030713936074,0,2,1.4913823265869235,1013.1940144402885,0.9885725644724597,0
TASK-2026-09-02-SMC-HIGHRUNG-LAMBDA,armB,TASK-2026-09-02-SMC-HIGHRUNG-LAMBDA/armB/results/B_00195.json,64,64.0,0.35,0.3132,1024,6.0,systematic,30302003,ok,1806.52,421,0.3168103086611548,0.03606055826982655,0,4,3.471324337566376,1011.2486696716331,0.9886284585938284,0
TASK-2026-09-02-SMC-HIGHRUNG-LAMBDA,armB,TASK-2026-09-02-SMC-HIGHRUNG-LAMBDA/armB/results/B_00196.json,64,64.0,0.35,0.3132,1024,6.0,systematic,30302004,ok,1793.21,421,0.28431066656637505,0.03725744880845099,0,2,1.0917367194674252,1013.6912849509159,0.9884608228058197,0
TASK-2026-09-02-SMC-HIGHRUNG-LAMBDA,armB,TASK-2026-09-02-SMC-HIGHRUNG-LAMBDA/armB/results/B_00197.json,64,64.0,0.35,0.3132,1024,6.0,systematic,30302005,ok,2094.24,421,0.29736965939058846,0.03392286213355758,0,3,1.2684090452723282,1012.1379396973467,0.9883954615537537,0
TASK-2026-09-02-SMC-HIGHRUNG-LAMBDA,armB,TASK-2026-09-02-SMC-HIGHRUNG-LAMBDA/armB/results/B_00198.json,64,64.0,0.35,0.3132,1024,6.0,systematic,30302006,ok,2048.79,421,0.2998475536512008,0.03425924631356013,0,2,1.7119943574404723,1012.2565701591637,0.9882390891140478,0
TASK-2026-09-02-SMC-HIGHRUNG-LAMBDA,armB,TASK-2026-09-02-SMC-HIGHRUNG-LAMBDA/armB/results/B_00199.json,64,64.0,0.35,0.3132,1024,6.0,systematic,30302007,ok,2068.26,421,0.3971918913347875,0.045574530049118,0,3,1.4797061405117986,1012.7038989597819,0.9886039054058589,0
TASK-2026-09-02-SMC-HIGHRUNG-LAMBDA,armB,TASK-2026-09-02-SMC-HIGHRUNG-LAMBDA/armB/results/B_00200.json,64,64.0,0.35,0.3132,1024,6.0,systematic,30302008,ok,1779.9,421,0.28951072454384424,0.03113172420193158,0,2,1.1773075126648223,1012.5332149466254,0.9885079035029306,0
TASK-2026-09-02-SMC-HIGHRUNG-LAMBDA,armB,TASK-2026-09-02-SMC-HIGHRUNG-LAMBDA/armB/results/B_00201.json,64,64.0,0.35,0.3132,1024,6.0,systematic,30302009,ok,2097.56,421,0.3324680718130929,0.034981257612150665,0,2,1.3605678028779407,1012.3601435373143,0.9883264921233834,0
TASK-2026-09-02-SMC-HIGHRUNG-LAMBDA,armB,TASK-2026-09-02-SMC-HIGHRUNG-LAMBDA/armB/results/B_00202.json,64,64.0,0.35,0.3132,1024,6.0,systematic,30302010,ok,2080.48,421,0.2903411606766358,0.04065323085811492,0,3,1.8959397104132614,1013.2440458895741,0.988300913421262,0
TASK-2026-09-02-SMC-HIGHRUNG-LAMBDA,armB,TASK-2026-09-02-SMC-HIGHRUNG-LAMBDA/armB/results/B_00203.json,64,64.0,0.35,0.3132,1024,6.0,systematic,30302011,ok,2088.97,421,0.299429141994648,0.034739156171298496,0,1,1.0,1011.884985189441,0.9885830862916466,0
TASK-2026-09-02-SMC-HIGHRUNG-LAMBDA,armB,TASK-2026-09-02-SMC-HIGHRUNG-LAMBDA/armB/results/B_00204.json,64,64.0,0.35,0.3132,1024,6.0,systematic,30302012,ok,2073.73,421,0.3195849696915327,0.032928769918546534,0,1,1.0,1012.0910159480073,0.9883933876176719,0
TASK-2026-09-02-SMC-HIGHRUNG-LAMBDA,armB,TASK-2026-09-02-SMC-HIGHRUNG-LAMBDA/armB/results/B_00205.json,64,64.0,0.35,0.3132,1024,6.0,systematic,30302013,ok,2058.77,421,0.2989158133408791,0.0339306063296321,0,2,1.6273694862013415,1012.9995986882295,0.9883677786573036,0
TASK-2026-09-02-SMC-HIGHRUNG-LAMBDA,armB,TASK-2026-09-02-SMC-HIGHRUNG-LAMBDA/armB/results/B_00206.json,64,64.0,0.35,0.3132,1024,6.0,systematic,30302014,ok,2077.04,421,0.259439072379538,0.0381678223362181,0,1,1.0,1013.0915012770067,0.9885004262776922,0
TASK-2026-09-02-SMC-HIGHRUNG-LAMBDA,armB,TASK-2026-09-02-SMC-HIGHRUNG-LAMBDA/armB/results/B_00207.json,64,64.0,0.35,0.3132,1024,6.0,systematic,30302015,ok,2082.85,421,0.2622295926822526,0.024752198102116967,0,3,2.1597946850450467,1012.1523748926561,0.9884828793250428,0
TASK-2026-09-02-SMC-HIGHRUNG-LAMBDA,armB,TASK-2026-09-02-SMC-HIGHRUNG-LAMBDA/armB/results/B_00208.json,64,64.0,0.35,0.3132,1024,6.0,systematic,30302016,ok,2090.87,421,0.3115928539862093,0.035602420447459315,0,2,1.2848054735975376,1012.0436006573943,0.9882854689228815,0
TASK-2026-09-02-SMC-HIGHRUNG-LAMBDA,armB,TASK-2026-09-02-SMC-HIGHRUNG-LAMBDA/armB/results/B_00209.json,64,64.0,0.35,0.3132,1024,6.0,systematic,30302017,ok,2082.75,421,0.331494388385391,0.034132958632590506,0,1,1.0,1012.5350864115338,0.9884562139168259,0
TASK-2026-09-02-SMC-HIGHRUNG-LAMBDA,armB,TASK-2026-09-02-SMC-HIGHRUNG-LAMBDA/armB/results/B_00210.json,64,64.0,0.35,0.3132,1024,6.0,systematic,30302018,ok,2074.36,421,0.34810339616774255,0.03492382014083395,0,2,1.6930648307219345,1011.5273102138888,0.9884243693246596,0
TASK-2026-09-02-SMC-HIGHRUNG-LAMBDA,armB,TASK-2026-09-02-SMC-HIGHRUNG-LAMBDA/armB/results/B_00211.json,64,64.0,0.35,0.3132,1024,6.0,systematic,30302019,ok,2071.46,421,0.31023289098337037,0.03873462089676093,0,2,1.1415432851419614,1012.047592990425,0.9883630567116277,0
TASK-2026-09-02-SMC-HIGHRUNG-LAMBDA,armB,TASK-2026-09-02-SMC-HIGHRUNG-LAMBDA/armB/results/B_00212.json,64,64.0,0.35,0.3132,1024,6.0,systematic,30302020,ok,2082.09,421,0.3205378525369011,0.03818608404599015,0,4,2.52990793105445,1012.5099008170695,0.9884168362143135,0
TASK-2026-09-02-SMC-HIGHRUNG-LAMBDA,armB,TASK-2026-09-02-SMC-HIGHRUNG-LAMBDA/armB/results/B_00213.json,64,64.0,0.35,0.3132,1024,6.0,systematic,30302021,ok,2090.92,421,0.28329846291183347,0.03712400671551863,0,1,1.0,1012.0414565612466,0.9882871925008667,0
TASK-2026-09-02-SMC-HIGHRUNG-LAMBDA,armB,TASK-2026-09-02-SMC-HIGHRUNG-LAMBDA/armB/results/B_00214.json,64,64.0,0.35,0.3132,1024,6.0,systematic,30302022,ok,2073.27,421,0.2691871447505566,0.029523836721499584,0,2,1.9779974345431224,1012.0681061125306,0.9881435382182802,0
TASK-2026-09-02-SMC-HIGHRUNG-LAMBDA,armB,TASK-2026-09-02-SMC-HIGHRUNG-LAMBDA/armB/results/B_00215.json,64,64.0,0.35,0.3132,1024,6.0,systematic,30302023,ok,2074.1,421,0.34943169403832114,0.04795816288435914,0,1,1.0,1011.9270353633336,0.9883591870759914,0
TASK-2026-09-02-SMC-HIGHRUNG-LAMBDA,armB,TASK-2026-09-02-SMC-HIGHRUNG-LAMBDA/armB/results/B_00216.json,64,64.0,0.35,0.3132,1024,6.0,systematic,30302024,ok,2071.97,421,0.28683243331220676,0.031654712827549676,0,2,1.9207502930832356,1012.2626391288964,0.9883914073306216,0
TASK-2026-09-02-SMC-HIGHRUNG-LAMBDA,armB,TASK-2026-09-02-SMC-HIGHRUNG-LAMBDA/armB/results/B_00217.json,64,64.0,0.35,0.3132,1024,6.0,systematic,30302025,ok,2078.3,421,0.2953672690723984,0.029784327104817654,0,3,2.114584635737016,1012.5410136916682,0.9883559750873694,0
TASK-2026-09-02-SMC-HIGHRUNG-LAMBDA,armB,TASK-2026-09-02-SMC-HIGHRUNG-LAMBDA/armB/results/B_00218.json,64,64.0,0.35,0.3132,1024,6.0,systematic,30302026,ok,2071.18,421,0.31052219766713685,0.029404864575923013,0,3,1.487194179301346,1012.0452501505293,0.988346481295935,0
TASK-2026-09-02-SMC-HIGHRUNG-LAMBDA,armB,TASK-2026-09-02-SMC-HIGHRUNG-LAMBDA/armB/results/B_00219.json,64,64.0,0.35,0.3132,1024,6.0,systematic,30302027,ok,2082.98,421,0.29972347238555647,0.032096605648048566,0,1,1.0,1011.6017297424576,0.9883562205319716,0
TASK-2026-09-02-SMC-HIGHRUNG-LAMBDA,armB,TASK-2026-09-02-SMC-HIGHRUNG-LAMBDA/armB/results/B_00220.json,64,64.0,0.35,0.3132,1024,6.0,systematic,30302028,ok,1795.19,421,0.32921722870069264,0.03583186585289573,0,4,2.511258531912346,1010.7285628755064,0.9882467050345768,0
TASK-2026-09-02-SMC-HIGHRUNG-LAMBDA,armB,TASK-2026-09-02-SMC-HIGHRUNG-LAMBDA/armB/results/B_00221.json,64,64.0,0.35,0.3132,1024,6.0,systematic,30302029,ok,1811.42,421,0.30923130575046653,0.030057558782835527,0,1,1.0,1012.7796334041304,0.9886932444019594,0
TASK-2026-09-02-SMC-HIGHRUNG-LAMBDA,armB,TASK-2026-09-02-SMC-HIGHRUNG-LAMBDA/armB/results/B_00222.json,64,64.0,0.35,0.3132,1024,6.0,systematic,30302030,ok,2096.43,421,0.3369768714724779,0.03815715349954849,0,1,1.0,1011.7480934103708,0.9884079099691054,0
TASK-2026-09-02-SMC-HIGHRUNG-LAMBDA,armB,TASK-2026-09-02-SMC-HIGHRUNG-LAMBDA/armB/results/B_00223.json,64,64.0,0.35,0.3132,1024,6.0,systematic,30302031,ok,2073.03,421,0.2866451540989198,0.032765764128592195,0,1,1.0,1012.0743941897433,0.988450754615793,0
TASK-2026-09-02-SMC-HIGHRUNG-LAMBDA,armB,TASK-2026-09-02-SMC-HIGHRUNG-LAMBDA/armB/results/B_00224.json,64,64.0,0.35,0.3132,1024,6.0,systematic,30302032,ok,2074.05,421,0.3180866015268624,0.04004706312162461,0,4,1.6652363241361567,1011.7175673483249,0.9882745891709082,0
TASK-2026-09-02-SMC-HIGHRUNG-LAMBDA,armB,TASK-2026-09-02-SMC-HIGHRUNG-LAMBDA/armB/results/B_00225.json,64,64.0,0.35,0.3132,1024,6.0,systematic,30302033,ok,2098.16,421,0.28994196828966384,0.030284393990295682,0,2,1.150400224687544,1011.947592585523,0.9884469367588927,0
TASK-2026-09-02-SMC-HIGHRUNG-LAMBDA,armB,TASK-2026-09-02-SMC-HIGHRUNG-LAMBDA/armB/results/B_00226.json,64,64.0,0.35,0.3132,1024,6.0,systematic,30302034,ok,2102.16,421,0.33394592505271437,0.03341554199776796,0,3,1.6792853505184027,1011.9411918767713,0.9885135966293179,0
TASK-2026-09-02-SMC-HIGHRUNG-LAMBDA,armB,TASK-2026-09-02-SMC-HIGHRUNG-LAMBDA/armB/results/B_00227.json,64,64.0,0.35,0.3132,1024,6.0,systematic,30302035,ok,2064.4,421,0.29755658331987744,0.03330316889520779,0,2,1.043891017115187,1012.751327590911,0.9883247923650105,0
TASK-2026-09-02-SMC-HIGHRUNG-LAMBDA,armB,TASK-2026-09-02-SMC-HIGHRUNG-LAMBDA/armB/results/B_00228.json,64,64.0,0.35,0.3132,1024,6.0,systematic,30302036,ok,2076.13,421,0.33425399573578035,0.03679065160714489,0,1,1.0,1011.761066211499,0.9881966075885259,0
TASK-2026-09-02-SMC-HIGHRUNG-LAMBDA,armB,TASK-2026-09-02-SMC-HIGHRUNG-LAMBDA/armB/results/B_00229.json,64,64.0,0.35,0.3132,1024,6.0,systematic,30302037,ok,2102.23,421,0.3213850867088781,0.03435707465251768,0,1,1.0,1012.9179269478099,0.9885232131528667,0
TASK-2026-09-02-SMC-HIGHRUNG-LAMBDA,armB,TASK-2026-09-02-SMC-HIGHRUNG-LAMBDA/armB/results/B_00230.json,64,64.0,0.35,0.3132,1024,6.0,systematic,30302038,ok,2073.99,421,0.273833514091771,0.03501685149884623,0,3,1.4697754216975552,1012.6977250491043,0.9882772845280575,0
TASK-2026-09-02-SMC-HIGHRUNG-LAMBDA,armB,TASK-2026-09-02-SMC-HIGHRUNG-LAMBDA/armB/results/B_00231.json,64,64.0,0.35,0.3132,1024,6.0,systematic,30302039,ok,2082.58,421,0.32031424672180997,0.03659269153311316,0,3,1.0058804005195472,1012.1464736554527,0.9883581198390863,0
TASK-2026-09-02-SMC-HIGHRUNG-LAMBDA,armB,TASK-2026-09-02-SMC-HIGHRUNG-LAMBDA/armB/results/B_00232.json,64,64.0,0.35,0.3132,1024,6.0,systematic,30302040,ok,2087.37,421,0.3584640671784143,0.040104255721883475,0,2,1.8533936651583711,1012.0978487629262,0.9884765748318388,0
TASK-2026-09-02-SMC-HIGHRUNG-LAMBDA,armB,TASK-2026-09-02-SMC-HIGHRUNG-LAMBDA/armB/results/B_00233.json,64,64.0,0.35,0.3132,1024,6.0,systematic,30302041,ok,2080.5,421,0.33147803533238956,0.030587642448988758,0,2,1.0337540346511715,1012.0923904884853,0.9882816533985443,0
TASK-2026-09-02-SMC-HIGHRUNG-LAMBDA,armB,TASK-2026-09-02-SMC-HIGHRUNG-LAMBDA/armB/results/B_00234.json,64,64.0,0.35,0.3132,1024,6.0,systematic,30302042,ok,2076.37,421,0.2887321467906574,0.03894307030636752,0,1,1.0,1011.1674263288467,0.9882164464917735,0
TASK-2026-09-02-SMC-HIGHRUNG-LAMBDA,armB,TASK-2026-09-02-SMC-HIGHRUNG-LAMBDA/armB/results/B_00235.json,64,64.0,0.35,0.3132,1024,6.0,systematic,30302043,ok,2085.95,421,0.3207756608532047,0.0410235261659501,0,3,2.289387270313701,1012.2939051974092,0.9885209020615524,0
TASK-2026-09-02-SMC-HIGHRUNG-LAMBDA,armB,TASK-2026-09-02-SMC-HIGHRUNG-LAMBDA/armB/results/B_00236.json,64,64.0,0.35,0.3132,1024,6.0,systematic,30302044,ok,2087.74,421,0.3379216095987017,0.03418382915992441,0,2,1.504067932755752,1012.8388244378931,0.988431936829351,0
TASK-2026-09-02-SMC-HIGHRUNG-LAMBDA,armB,TASK-2026-09-02-SMC-HIGHRUNG-LAMBDA/armB/results/B_00237.json,64,64.0,0.35,0.3132,1024,6.0,systematic,30302045,ok,1804.79,421,0.3806772460673034,0.04682823720046294,0,2,1.88407786598053,1012.1488404212943,0.9886652663385274,0
TASK-2026-09-02-SMC-HIGHRUNG-LAMBDA,armB,TASK-2026-09-02-SMC-HIGHRUNG-LAMBDA/armB/results/B_00238.json,64,64.0,0.35,0.3132,1024,6.0,systematic,30302046,ok,2086.74,421,0.3121274282394779,0.032836694656009,0,2,1.5116788005478268,1011.8672059190067,0.9885442190355562,0
TASK-2026-09-02-SMC-HIGHRUNG-LAMBDA,armB,TASK-2026-09-02-SMC-HIGHRUNG-LAMBDA/armB/results/B_00239.json,64,64.0,0.35,0.3132,1024,6.0,systematic,30302047,ok,2072.27,421,0.29736456040612924,0.030845847926962506,0,2,1.5066050179170272,1012.4281420728768,0.9884112020295377,0
TASK-2026-09-02-SMC-HIGHRUNG-LAMBDA,armB,TASK-2026-09-02-SMC-HIGHRUNG-LAMBDA/armB/results/B_00240.json,64,64.0,0.35,0.3132,1024,6.0,systematic,30302048,ok,2079.26,421,0.35851806369704864,0.03767042639195159,0,2,1.100259594176864,1013.1338371636558,0.9884133535626977,0
TASK-2026-09-02-SMC-HIGHRUNG-LAMBDA,armB,TASK-2026-09-02-SMC-HIGHRUNG-LAMBDA/armB/results/B_00241.json,64,64.0,0.35,0.3132,1024,6.0,systematic,30302049,ok,2066.72,421,0.3245522561170173,0.035490023118210555,0,4,2.463655202552524,1011.9194717337002,0.9883020243795071,0
TASK-2026-09-02-SMC-HIGHRUNG-LAMBDA,armB,TASK-2026-09-02-SMC-HIGHRUNG-LAMBDA/armB/results/B_00242.json,64,64.0,0.35,0.3132,1024,6.0,systematic,30302050,ok,2125.4,421,0.3166937755995296,0.036046310562214315,0,2,1.9023512336719883,1011.7168058421172,0.9887121391856044,0
TASK-2026-09-02-SMC-HIGHRUNG-LAMBDA,armB,TASK-2026-09-02-SMC-HIGHRUNG-LAMBDA/armB/results/B_00243.json,64,64.0,0.35,0.3132,1024,6.0,systematic,30302051,ok,2049.36,421,0.30818345971809136,0.03266772111050505,0,2,1.4787003610108302,1012.7605914789519,0.9883815882064564,0
TASK-2026-09-02-SMC-HIGHRUNG-LAMBDA,armB,TASK-2026-09-02-SMC-HIGHRUNG-LAMBDA/armB/results/B_00244.json,64,64.0,0.35,0.3132,1024,6.0,systematic,30302052,ok,2031.18,421,0.3046420169736528,0.030301203405682087,0,3,2.744618477259402,1011.0416186179656,0.9884132634693764,0
TASK-2026-09-02-SMC-HIGHRUNG-LAMBDA,armB,TASK-2026-09-02-SMC-HIGHRUNG-LAMBDA/armB/results/B_00245.json,64,64.0,0.35,0.3132,1024,6.0,systematic,30302053,ok,2037.5,421,0.3188349405729755,0.04043407809939994,0,2,1.263268477802542,1011.5134112442976,0.9883196505163608,0
TASK-2026-09-02-SMC-HIGHRUNG-LAMBDA,armB,TASK-2026-09-02-SMC-HIGHRUNG-LAMBDA/armB/results/B_00246.json,64,64.0,0.35,0.3132,1024,6.0,systematic,30302054,ok,2070.58,421,0.32990795551784824,0.04065695334681392,0,3,2.7268036947657484,1011.9686135233286,0.9885101506132022,0
TASK-2026-09-02-SMC-HIGHRUNG-LAMBDA,armB,TASK-2026-09-02-SMC-HIGHRUNG-LAMBDA/armB/results/B_00247.json,64,64.0,0.35,0.3132,1024,6.0,systematic,30302055,ok,2061.98,421,0.3153998706319878,0.03498677480739875,0,2,1.757916336959,1011.6373144648393,0.9884754121950672,0
TASK-2026-09-02-SMC-HIGHRUNG-LAMBDA,armB,TASK-2026-09-02-SMC-HIGHRUNG-LAMBDA/armB/results/B_00248.json,64,64.0,0.35,0.3132,1024,6.0,systematic,30302056,ok,2080.9,421,0.27664321628006633,0.028280176372265924,0,3,2.6394542754298085,1012.1398646774004,0.9885567916838227,0
TASK-2026-09-02-SMC-HIGHRUNG-LAMBDA,armB,TASK-2026-09-02-SMC-HIGHRUNG-LAMBDA/armB/results/B_00249.json,64,64.0,0.35,0.3132,1024,6.0,systematic,30302057,ok,2065.82,421,0.2788983590653248,0.030375378473841228,0,2,1.1393379388876694,1011.3771503216025,0.9883340881575073,0
TASK-2026-09-02-SMC-HIGHRUNG-LAMBDA,armB,TASK-2026-09-02-SMC-HIGHRUNG-LAMBDA/armB/results/B_00250.json,64,64.0,0.35,0.3132,1024,6.0,systematic,30302058,ok,2087.15,421,0.32785500919901334,0.031239875701575333,0,3,2.267299201259303,1012.693752346217,0.9884988425246548,0
TASK-2026-09-02-SMC-HIGHRUNG-LAMBDA,armB,TASK-2026-09-02-SMC-HIGHRUNG-LAMBDA/armB/results/B_00251.json,64,64.0,0.35,0.3132,1024,6.0,systematic,30302059,ok,2050.86,421,0.3255535094375961,0.04153803290829147,0,3,1.1075134349545408,1012.5864617425048,0.9885172895585391,0
TASK-2026-09-02-SMC-HIGHRUNG-LAMBDA,armB,TASK-2026-09-02-SMC-HIGHRUNG-LAMBDA/armB/results/B_00252.json,64,64.0,0.35,0.3132,1024,6.0,systematic,30302060,ok,2089.2,421,0.3528463048601965,0.0409205998170652,0,2,1.4634941548218532,1011.6943309965101,0.9885198864364801,0
TASK-2026-09-02-SMC-HIGHRUNG-LAMBDA,armB,TASK-2026-09-02-SMC-HIGHRUNG-LAMBDA/armB/results/B_00253.json,64,64.0,0.35,0.3132,1024,6.0,systematic,30302061,ok,2075.85,421,0.30052086648455234,0.027762074877235785,0,2,1.2920339588698448,1012.0032852613006,0.9884642818700421,0
TASK-2026-09-02-SMC-HIGHRUNG-LAMBDA,armB,TASK-2026-09-02-SMC-HIGHRUNG-LAMBDA/armB/results/B_00254.json,64,64.0,0.35,0.3132,1024,6.0,systematic,30302062,ok,2084.02,421,0.31316556166537446,0.03627334849466837,0,1,1.0,1012.897027548679,0.9886373752339093,0
TASK-2026-09-02-SMC-HIGHRUNG-LAMBDA,armB,TASK-2026-09-02-SMC-HIGHRUNG-LAMBDA/armB/results/B_00255.json,64,64.0,0.35,0.3132,1024,6.0,systematic,30302063,ok,2085.3,421,0.337161425760903,0.040816493646745396,0,3,1.4126421296545777,1012.0045096117218,0.9884058524214796,0
TASK-2026-09-02-SMC-HIGHRUNG-LAMBDA,armB,TASK-2026-09-02-SMC-HIGHRUNG-LAMBDA/armB/results/B_00256.json,64,64.0,0.35,0.3132,1024,6.0,systematic,30302064,ok,1933.28,421,0.32521103890293,0.036772072974541395,0,3,1.9284581912612324,1011.7385181804099,0.9882557971089349,0
TASK-2026-09-02-SMC-HIGHRUNG-LAMBDA,armB,TASK-2026-09-02-SMC-HIGHRUNG-LAMBDA/armB/results/B_00257.json,64,64.0,0.35,0.3132,1024,6.0,systematic,30302065,ok,1940.21,421,0.33044363566378193,0.037386447969992326,0,4,2.8405608651366405,1012.5608298747276,0.9884783923231348,0
TASK-2026-09-02-SMC-HIGHRUNG-LAMBDA,armB,TASK-2026-09-02-SMC-HIGHRUNG-LAMBDA/armB/results/B_00258.json,64,64.0,0.35,0.3132,1024,6.0,systematic,30302066,ok,1913.77,421,0.28893557401521475,0.029294398201124092,0,4,2.3890673629433183,1012.2548077602297,0.9884389277641901,0
TASK-2026-09-02-SMC-HIGHRUNG-LAMBDA,armB,TASK-2026-09-02-SMC-HIGHRUNG-LAMBDA/armB/results/B_00259.json,64,64.0,0.35,0.3132,1024,6.0,systematic,30302067,ok,1843.3,421,0.3118465548344806,0.033151498101023205,0,2,1.622414150572639,1013.0279992294012,0.9887738155197655,0
TASK-2026-09-02-SMC-HIGHRUNG-LAMBDA,armB,TASK-2026-09-02-SMC-HIGHRUNG-LAMBDA/armB/results/B_00260.json,64,64.0,0.35,0.3132,1024,6.0,systematic,30302068,ok,1905.91,421,0.3413439784188145,0.030850277499881264,0,2,1.8590124988919423,1011.2881642832913,0.9883619542590723,0
TASK-2026-09-02-SMC-HIGHRUNG-LAMBDA,armB,TASK-2026-09-02-SMC-HIGHRUNG-LAMBDA/armB/results/B_00261.json,64,64.0,0.35,0.3132,1024,6.0,systematic,30302069,ok,1887.83,421,0.2649231033214278,0.032124403841908705,0,2,1.0039138793360958,1011.5427393938896,0.9883436354642046,0
TASK-2026-09-02-SMC-HIGHRUNG-LAMBDA,armB,TASK-2026-09-02-SMC-HIGHRUNG-LAMBDA/armB/results/B_00262.json,64,64.0,0.35,0.3132,1024,6.0,systematic,30302070,ok,1766.79,421,0.3111680490014973,0.02945453765806529,0,1,1.0,1012.9323376837552,0.9886132763537745,0
TASK-2026-09-02-SMC-HIGHRUNG-LAMBDA,armB,TASK-2026-09-02-SMC-HIGHRUNG-LAMBDA/armB/results/B_00263.json,64,64.0,0.35,0.3132,1024,6.0,systematic,30302071,ok,1750.96,421,0.3048201764710351,0.03890194956210941,0,2,1.1932314485018833,1011.2026526640954,0.9883719264211995,0
TASK-2026-09-02-SMC-HIGHRUNG-LAMBDA,armB,TASK-2026-09-02-SMC-HIGHRUNG-LAMBDA/armB/results/B_00264.json,64,64.0,0.35,0.3132,1024,6.0,systematic,30302072,ok,1741.45,421,0.31312655086121854,0.03664279378342218,0,1,1.0,1012.1499117223269,0.9882706856678614,0
TASK-2026-09-02-SMC-HIGHRUNG-LAMBDA,armB,TASK-2026-09-02-SMC-HIGHRUNG-LAMBDA/armB/results/B_00265.json,64,64.0,0.35,0.3132,1024,6.0,systematic,30302073,ok,2044.5,421,0.35062807160697784,0.0405313749942572,0,2,1.9992373514741997,1012.3630413553124,0.9885601965153946,0
TASK-2026-09-02-SMC-HIGHRUNG-LAMBDA,armB,TASK-2026-09-02-SMC-HIGHRUNG-LAMBDA/armB/results/B_00266.json,64,64.0,0.35,0.3132,1024,6.0,systematic,30302074,ok,2020.51,421,0.37053731527270717,0.03881130612553941,0,1,1.0,1011.9371924994983,0.9885115327491384,0
TASK-2026-09-02-SMC-HIGHRUNG-LAMBDA,armB,TASK-2026-09-02-SMC-HIGHRUNG-LAMBDA/armB/results/B_00267.json,64,64.0,0.35,0.3132,1024,6.0,systematic,30302075,ok,2035.82,421,0.3399770965406394,0.03182677410777002,0,4,1.1383261901350044,1011.7751882011689,0.9883511657319894,0
TASK-2026-09-02-SMC-HIGHRUNG-LAMBDA,armB,TASK-2026-09-02-SMC-HIGHRUNG-LAMBDA/armB/results/B_00268.json,64,64.0,0.35,0.3132,1024,6.0,systematic,30302076,ok,2041.61,421,0.3297528162979476,0.035655625589255203,0,3,1.6136754662160706,1012.021021274292,0.9884035446335556,0
TASK-2026-09-02-SMC-HIGHRUNG-LAMBDA,armB,TASK-2026-09-02-SMC-HIGHRUNG-LAMBDA/armB/results/B_00269.json,64,64.0,0.35,0.3132,1024,6.0,systematic,30302077,ok,2051.18,421,0.3020616589912486,0.040814894673198716,0,2,1.3879452751069508,1013.515386478629,0.9884734578983092,0
TASK-2026-09-02-SMC-HIGHRUNG-LAMBDA,armB,TASK-2026-09-02-SMC-HIGHRUNG-LAMBDA/armB/results/B_00270.json,64,64.0,0.35,0.3132,1024,6.0,systematic,30302078,ok,2028.73,421,0.33026083675663404,0.03597756907348566,0,1,1.0,1013.1037987095087,0.9885445941804225,0
TASK-2026-09-02-SMC-HIGHRUNG-LAMBDA,armB,TASK-2026-09-02-SMC-HIGHRUNG-LAMBDA/armB/results/B_00271.json,64,64.0,0.35,0.3132,1024,6.0,systematic,30302079,ok,2029.76,421,0.2869658603598204,0.033270575639618466,0,3,2.1912989688998117,1012.6994153927603,0.9884547711686338,0
TASK-2026-09-02-SMC-HIGHRUNG-LAMBDA,armB,TASK-2026-09-02-SMC-HIGHRUNG-LAMBDA/armB/results/B_00272.json,64,64.0,0.35,0.3132,1024,6.0,systematic,30302080,ok,2038.88,421,0.32212499281389023,0.03244733523861931,0,2,1.8301033230941077,1011.9419102357167,0.9883116005899828,0
TASK-2026-09-02-SMC-HIGHRUNG-LAMBDA,armB,TASK-2026-09-02-SMC-HIGHRUNG-LAMBDA/armB/results/B_00273.json,64,64.0,0.35,0.3132,1024,6.0,systematic,30302081,ok,2057.36,421,0.2888421640962312,0.03988061799316302,0,4,3.1363127890073996,1012.9148743937477,0.9887100584688941,0
TASK-2026-09-02-SMC-HIGHRUNG-LAMBDA,armB,TASK-2026-09-02-SMC-HIGHRUNG-LAMBDA/armB/results/B_00274.json,64,64.0,0.35,0.3132,1024,6.0,systematic,30302082,ok,2033.26,421,0.32167638113522734,0.03878251819222363,0,1,1.0,1011.9777198796978,0.9883184302468354,0
TASK-2026-09-02-SMC-HIGHRUNG-LAMBDA,armB,TASK-2026-09-02-SMC-HIGHRUNG-LAMBDA/armB/results/B_00275.json,64,64.0,0.35,0.3132,1024,6.0,systematic,30302083,ok,2038.78,421,0.3269151991374898,0.042854184729555614,0,2,1.272812462825888,1011.7296712748573,0.9885041921083304,0
TASK-2026-09-02-SMC-HIGHRUNG-LAMBDA,armB,TASK-2026-09-02-SMC-HIGHRUNG-LAMBDA/armB/results/B_00276.json,64,64.0,0.35,0.3132,1024,6.0,systematic,30302084,ok,2047.36,421,0.3224921116863009,0.03995453197809023,0,2,1.9948557948405754,1012.9469008362197,0.9888137706083773,0
TASK-2026-09-02-SMC-HIGHRUNG-LAMBDA,armB,TASK-2026-09-02-SMC-HIGHRUNG-LAMBDA/armB/results/B_00277.json,64,64.0,0.35,0.3132,1024,6.0,systematic,30302085,ok,2050.13,421,0.34481924829359906,0.034788068703515786,0,4,3.1802206734239564,1012.1354919540292,0.9885534630282252,0
TASK-2026-09-02-SMC-HIGHRUNG-LAMBDA,armB,TASK-2026-09-02-SMC-HIGHRUNG-LAMBDA/armB/results/B_00278.json,64,64.0,0.35,0.3132,1024,6.0,systematic,30302086,ok,2050.57,421,0.30939560141564604,0.031135523093131164,0,2,1.0197219477660129,1012.7698974828727,0.9885824359995257,0
TASK-2026-09-02-SMC-HIGHRUNG-LAMBDA,armB,TASK-2026-09-02-SMC-HIGHRUNG-LAMBDA/armB/results/B_00279.json,64,64.0,0.35,0.3132,1024,6.0,systematic,30302087,ok,1839.43,421,0.3076530734623601,0.03408993654194503,0,4,3.1667361274696337,1012.418948044331,0.9883795864851465,0
TASK-2026-09-02-SMC-HIGHRUNG-LAMBDA,armB,TASK-2026-09-02-SMC-HIGHRUNG-LAMBDA/armB/results/B_00280.json,64,64.0,0.35,0.3132,1024,6.0,systematic,30302088,ok,1832.95,421,0.3272621507545262,0.03871604796258966,0,2,1.2024044051711682,1012.7793029874151,0.9883057249307792,0
TASK-2026-09-02-SMC-HIGHRUNG-LAMBDA,armB,TASK-2026-09-02-SMC-HIGHRUNG-LAMBDA/armB/results/B_00281.json,64,64.0,0.35,0.3132,1024,6.0,systematic,30302089,ok,2028.04,421,0.3033211552144705,0.0491735245784654,0,2,1.0277174467017414,1012.2834651572471,0.9883526225060906,0
TASK-2026-09-02-SMC-HIGHRUNG-LAMBDA,armB,TASK-2026-09-02-SMC-HIGHRUNG-LAMBDA/armB/results/B_00282.json,64,64.0,0.35,0.3132,1024,6.0,systematic,30302090,ok,2027.18,421,0.33129114387938313,0.038622784959010455,0,1,1.0,1012.3183251451572,0.988519331747594,0
TASK-2026-09-02-SMC-HIGHRUNG-LAMBDA,armB,TASK-2026-09-02-SMC-HIGHRUNG-LAMBDA/armB/results/B_00283.json,64,64.0,0.35,0.3132,1024,6.0,systematic,30302091,ok,2032.65,421,0.28853736305045097,0.03650230345876126,0,1,1.0,1011.1664675612718,0.988240760604209,0
TASK-2026-09-02-SMC-HIGHRUNG-LAMBDA,armB,TASK-2026-09-02-SMC-HIGHRUNG-LAMBDA/armB/results/B_00284.json,64,64.0,0.35,0.3132,1024,6.0,systematic,30302092,ok,2032.4,421,0.34938944273807665,0.04490686161808816,0,1,1.0,1011.5634105933451,0.9880325417020025,0
TASK-2026-09-02-SMC-HIGHRUNG-LAMBDA,armB,TASK-2026-09-02-SMC-HIGHRUNG-LAMBDA/armB/results/B_00285.json,64,64.0,0.35,0.3132,1024,6.0,systematic,30302093,ok,1755.5,421,0.3077381137589267,0.03377228023410584,0,3,1.5584838693376217,1011.7527178935769,0.9884844373833587,0
TASK-2026-09-02-SMC-HIGHRUNG-LAMBDA,armB,TASK-2026-09-02-SMC-HIGHRUNG-LAMBDA/armB/results/B_00286.json,64,64.0,0.35,0.3132,1024,6.0,systematic,30302094,ok,1755.6,421,0.3030949919443794,0.03574588656192928,0,4,2.668173050988056,1012.1649005948672,0.9883817742020246,0
TASK-2026-09-02-SMC-HIGHRUNG-LAMBDA,armB,TASK-2026-09-02-SMC-HIGHRUNG-LAMBDA/armB/results/B_00287.json,64,64.0,0.35,0.3132,1024,6.0,systematic,30302095,ok,1743.3,421,0.33723298422505465,0.044359340553757565,0,2,1.614962851615924,1012.6351986145388,0.9882341497926506,0
