L,zeta,lambda,nreal,CMI,CMI_se,B_L,B_L_se
64,0.05,0.0671,12,1.1285273962632163,0.004740304871798937,3.0243145542331042,0.027088691649452726
64,0.05,0.0839,12,1.0198895104695798,0.008194352709290427,2.490548926652885,0.0320363329806732
64,0.05,0.1006,12,0.8294032461867702,0.009708592669011048,1.864460447322964,0.03450418567141575
64,0.05,0.1174,12,0.5709345566983859,0.005815431026677597,1.2396559085006227,0.0192708948618142
64,0.05,0.1342,12,0.546983396919155,0.006738600117499281,1.1473146348480303,0.01972376629296562
64,0.05,0.1565,12,0.5715199394262485,0.0104533450307557,1.1739204721552985,0.03051846918373218
64,0.05,0.1789,12,0.4231554006020925,0.008044789715494154,0.8473535958832831,0.019134266285403077
64,0.1,0.0949,12,1.053960068672459,0.018728652162469717,2.822797373363228,0.08370446045248435
64,0.1,0.1186,12,0.7469740743725862,0.019377603765620897,1.8719316786633078,0.06568768683228703
64,0.1,0.1423,12,0.7159381733969576,0.012003149878353112,1.673741984105418,0.040204309443354826
64,0.1,0.166,12,0.5116378426020526,0.021132970342534807,1.1665487025412886,0.053575441208211
64,0.1,0.1897,12,0.6969951217158,0.01110202713525809,1.6420909623975959,0.03375946068429843
64,0.1,0.2214,12,0.4988667270360914,0.006219364988882023,1.0023799462467375,0.01900809773565451
64,0.1,0.253,12,0.2862124997823302,0.003306490697427156,0.514829719903213,0.007030078793548095
64,0.15,0.1162,12,0.9098818726213748,0.02109946602681431,2.5947136375581734,0.08246900345190902
64,0.15,0.1452,12,0.810200914466336,0.021775148016342442,2.1319048567630614,0.06688470098124795
64,0.15,0.1743,12,0.6173996078973242,0.01844031804063701,1.545463727565511,0.05545251265026133
64,0.15,0.2033,12,0.5890807449190151,0.01682263584263968,1.3617327150040206,0.047996911338040606
64,0.15,0.2324,12,0.4832625795580506,0.010331619444032632,1.0110475335048295,0.028816083705711946
64,0.15,0.2711,12,0.25671736862408356,0.009101557822338785,0.4726798600531901,0.018369435274958056
64,0.15,0.3098,12,0.15927003334461123,0.005334327479181466,0.26687236761485605,0.009244361185562405
64,0.2,0.1342,12,1.017319126941074,0.03595898925207196,3.0874883552088708,0.13556335178867807
64,0.2,0.1677,12,0.7925690866142808,0.02764779485917005,2.1827718578745445,0.0957037863403142
64,0.2,0.2012,12,0.737966335550133,0.03126474424815486,1.8903848388156763,0.09647286443930085
64,0.2,0.2348,12,0.5552759957495991,0.023888646697727348,1.2746978386750756,0.0685599375189823
64,0.2,0.2683,12,0.322279680261133,0.013066738195667574,0.6400914615159153,0.028005033377621294
64,0.2,0.313,12,0.1793868139168725,0.006148589506591914,0.3128188656627583,0.012640184304597808
64,0.2,0.3578,12,0.11238577491285313,0.005343783970966536,0.18235190700833484,0.00844328531521157
64,0.25,0.15,12,1.090806093846949,0.030988764815976167,3.578160140198012,0.14112790961976532
64,0.25,0.1875,12,0.8434135206870286,0.022759854818379457,2.4399924277884915,0.09402724692008385
64,0.25,0.225,12,0.7001292930067547,0.016574300344632913,1.820071251345938,0.06733491247124922
64,0.25,0.2625,12,0.43459475166633776,0.020588802650784978,0.9356147728156904,0.05377307550869327
64,0.25,0.3,12,0.2736308626760529,0.010869318141695157,0.5220022504390006,0.024325584082904913
64,0.25,0.35,12,0.14551766430890725,0.0093163466337422,0.24990535828133412,0.016771352486981472
64,0.25,0.4,12,0.05122752891703904,0.0035439184864535416,0.08018413726551692,0.005453370487724126
64,0.3,0.1643,12,1.2383957540047132,0.046219799019153365,4.473966913986316,0.2338021307438853
64,0.3,0.2054,12,0.9222349705549754,0.032014468339668735,2.8910930653692724,0.12878592733803357
64,0.3,0.2465,12,0.6690574402610633,0.02368369188540626,1.7119296885649418,0.07775904361052279
64,0.3,0.2876,12,0.41334135755093776,0.027708985754772167,0.9101472497615344,0.07240370144021037
64,0.3,0.3286,12,0.24398269038156561,0.012058346740089508,0.4520611762163873,0.024053713124370327
64,0.3,0.3834,12,0.0992081712589807,0.01046922780097742,0.16361615580416983,0.018187220681881264
64,0.3,0.4382,12,0.026998372862995904,0.003011335136392604,0.03999130966787618,0.0042851650856702405
64,0.35,0.1775,12,1.317560933316863,0.06336220458943326,5.077656405667816,0.36708140415783813
64,0.35,0.2219,12,0.9816809991914321,0.06342250381555355,3.2465882953691634,0.2979595080816016
64,0.35,0.2662,12,0.6648129040472838,0.038550467531581346,1.7531392702858428,0.13802128269166777
64,0.35,0.3106,12,0.3493084500062824,0.02618777982407039,0.7337357402424124,0.0645514148982453
64,0.35,0.355,12,0.19077434260299486,0.012906421739908676,0.35200759910996937,0.023812716969619518
64,0.35,0.4141,12,0.06274109193695938,0.006698269253837518,0.09967278162554467,0.01127250153750623
64,0.35,0.4733,12,0.013365770949377626,0.0015207929991351242,0.019641501777001608,0.0022704632840577057
64,0.4,0.1897,12,1.4187819642602086,0.04994228383571786,5.7312657817738,0.3204735734389284
64,0.4,0.2372,12,1.0612714082349004,0.038248607273479424,3.527052788579917,0.1898685383686625
64,0.4,0.2846,12,0.6536902376835715,0.03900036778809237,1.7093221665746234,0.11706225218515644
64,0.4,0.332,12,0.3295093884806081,0.02288314458004293,0.7084540839885282,0.062358534985976974
64,0.4,0.3795,12,0.18187645299128408,0.011019537214773837,0.33173749718981627,0.021122708112364122
64,0.4,0.4427,12,0.04005586673060539,0.0051392122748096895,0.06329061916448765,0.008226019156025494
64,0.4,0.506,12,0.005246852135397562,0.0007921662101286604,0.007242721395583605,0.001016881501030675
64,0.5,0.2121,12,1.6828987419137782,0.04097642931901817,7.707890315715393,0.2927688555479752
64,0.5,0.2652,12,1.2199823715297693,0.031613889738642785,4.496787207353653,0.16055526419192723
64,0.5,0.3182,12,0.7605495362768329,0.030452162378360487,2.2393821027703207,0.1152074944213012
64,0.5,0.3712,12,0.4330650832094795,0.03456639747204094,1.0243712240424407,0.10269287542919407
64,0.5,0.4243,12,0.14691648928588077,0.016779142017758288,0.27747870056890145,0.03424012191092073
64,0.5,0.495,12,0.029101812504138635,0.006923886747395443,0.044310595370896495,0.010652974066156498
64,0.5,0.5657,12,0.002805319474476396,0.0010034351679098909,0.003702187270637236,0.0013433818961128155
64,0.6,0.2324,12,1.7649235593588752,0.027401848873280184,8.537518585802033,0.18632506120971154
64,0.6,0.2905,12,1.3119604886721197,0.012372475671440798,5.196106555319008,0.07853534570883819
64,0.6,0.3486,12,0.8193311210983114,0.02292879742188199,2.5258540308351214,0.10328745198157482
64,0.6,0.4067,12,0.3908608151788792,0.022660594207799024,0.9110477771785347,0.06254116297082947
64,0.6,0.4648,12,0.1749545373727602,0.022605413916567244,0.3275282278446466,0.0413739622195999
64,0.6,0.5422,12,0.01772407497257816,0.004060367698768489,0.02574474219540088,0.005994053848294929
64,0.6,0.6197,12,0.0018815234578454104,0.0010762833021986998,0.0022940518687995163,0.001273966659780139
64,0.7,0.251,12,1.7377587442247664,0.022295767488114977,8.490979119393856,0.15511013302517743
64,0.7,0.3137,12,1.249850112619454,0.025815146290151098,4.895648918839914,0.1356726530701836
64,0.7,0.3765,12,0.8651739365029911,0.025627951298120705,2.6634898462127095,0.1012989380808454
64,0.7,0.4392,12,0.46501231943930693,0.022528237368219448,1.1273759407253228,0.06736958513632331
64,0.7,0.502,12,0.1762150868301633,0.02752161676866369,0.32758730777675554,0.057235538012148576
64,0.7,0.5857,12,0.01469456889843568,0.004345907812175729,0.021756403961015025,0.006004149557327023
64,0.7,0.6693,12,0.001105038557593456,0.0006620929779627818,0.0012783730492761873,0.0007417470038193399
64,0.8,0.2683,12,1.7794432616959075,0.0113077941582478,8.767382262274262,0.0712209903640601
64,0.8,0.3354,12,1.219784228383703,0.012087605689512502,4.68518200502237,0.0582818126503949
64,0.8,0.4025,12,0.820031484383091,0.01707055712916916,2.468578942214696,0.0688980668166984
64,0.8,0.4696,12,0.42150924395113637,0.019805840186603217,0.9739905146335442,0.05314240167136792
64,0.8,0.5367,12,0.13419785896978745,0.009817587005456594,0.24346511460680043,0.01688776655822016
64,0.8,0.6261,12,0.008477254898595436,0.0020249368533175665,0.012406450007796688,0.003210090385827175
64,0.8,0.7155,12,0.000201117572050544,6.612778171217829e-05,0.00025128780366324874,8.495908076580264e-05
64,0.9,0.2846,12,1.6484394805984286,0.012962391289420136,7.7232196096919195,0.07248454004252348
64,0.9,0.3558,12,1.18700183424311,0.008640395925815841,4.407956355551413,0.04371857389739642
64,0.9,0.4269,12,0.7674628967320228,0.015674288516711873,2.203810403262645,0.050335514399235344
64,0.9,0.4981,12,0.4004549033515425,0.016146088385276473,0.8978266124375388,0.04372672086109506
64,0.9,0.5692,12,0.11852896957164255,0.006830647871332433,0.2096907442159065,0.014753275134922658
64,0.9,0.6641,12,0.0065098875808217984,0.0012272075378524756,0.009237549937765231,0.0018382161179382051
64,0.9,0.7589,12,1.258646862528316e-05,4.932555592164045e-06,1.374491422010856e-05,5.298633075021601e-06
64,1.0,0.3,12,1.506832460096266,0.009578856448596466,6.638742547696744,0.042630439807296486
64,1.0,0.375,12,1.022157471013336,0.007720335480550578,3.4873881011026033,0.029771596445739568
64,1.0,0.45,12,0.6331373487842388,0.006546611233691789,1.6498391800516004,0.0242071182348635
64,1.0,0.525,12,0.265452871391412,0.0058288983148939615,0.5220256166977877,0.01217658855928885
64,1.0,0.6,12,0.057268804867385316,0.003235738355585853,0.09064399828424913,0.005177234425713711
64,1.0,0.7,12,0.003361976149489416,0.0011808971300251358,0.004266763578990795,0.0014704509798427988
64,1.0,0.8,12,3.507347781990262e-05,2.3242746008537546e-05,4.2445759116514146e-05,2.9573734340674494e-05
80,0.05,0.0671,12,1.081914145979164,0.011238925884698242,2.948803084810683,0.0513262904385329
80,0.05,0.0839,12,0.9851730735643881,0.012642659845581015,2.507354822723338,0.046253397733608495
80,0.05,0.1006,12,0.5911626878271964,0.008665704619011559,1.4134605100348905,0.028310571025528617
80,0.05,0.1174,12,0.5917098817454468,0.008554725031605339,1.3674578552687817,0.029014809661363928
80,0.05,0.1342,12,0.7537192340724115,0.009822488435225136,1.796859739789073,0.03230516028335847
80,0.05,0.1565,12,0.5897972805585473,0.007847994601230262,1.274092911415845,0.020871075256127917
80,0.05,0.1789,12,0.44812920878701834,0.005700249147831135,0.8814818793456869,0.014958395743328124
80,0.1,0.0949,12,0.9610758524385458,0.024308797936412628,2.8133452127766385,0.1013892512632435
80,0.1,0.1186,12,0.7580601695993036,0.014863236135710625,2.0249580409623573,0.050940771977447376
80,0.1,0.1423,12,0.660206380055307,0.01736402880764205,1.6789516700999423,0.05224269296714709
80,0.1,0.166,12,0.691089337350781,0.015285011097406848,1.6631024299135655,0.04955975781022301
80,0.1,0.1897,12,0.48228424898151695,0.010587060023009135,1.0339681263859657,0.026792210120860683
80,0.1,0.2214,12,0.29064950499296593,0.006540711645023255,0.5553513251585807,0.015829037186920872
80,0.1,0.253,12,0.200837940778678,0.005458608257614504,0.3578958760214535,0.011000357297493029
80,0.15,0.1162,12,0.931902084992641,0.026433374506179014,2.9540661262031747,0.11432112191483215
80,0.15,0.1452,12,0.7638171531296926,0.012650504197670316,2.101432227538531,0.05296271966056498
80,0.15,0.1743,12,0.7178628413176428,0.019686897003018143,1.8644612706100228,0.062418714737233504
80,0.15,0.2033,12,0.4734447502622742,0.010464267100137368,1.0607484808196854,0.031394362084159085
80,0.15,0.2324,12,0.3201843793936258,0.015317487284850698,0.6431865182782087,0.03515704552630092
80,0.15,0.2711,12,0.22556186597327024,0.009165781961860405,0.40986612396611966,0.01596581981139843
80,0.15,0.3098,12,0.12831772853184772,0.005898300808331784,0.21381072426139122,0.010443861013799053
80,0.2,0.1342,12,1.164627625619316,0.03618572094283901,4.146847869935868,0.18263331459040158
80,0.2,0.1677,12,0.8713355309296124,0.03480127633387795,2.6142517294413836,0.1350196579820598
80,0.2,0.2012,12,0.6427499827598221,0.03256749194307733,1.6664241720752964,0.10577918219827522
80,0.2,0.2348,12,0.43697602490254445,0.01852060467155944,0.9920341994434088,0.05343516857360115
80,0.2,0.2683,12,0.2579112761081012,0.01103626680153366,0.49957155496714406,0.022205873542334685
80,0.2,0.313,12,0.1662005887279892,0.01121563657252642,0.2920880603943056,0.020151416352947163
80,0.2,0.3578,12,0.06122462601544324,0.003367463749104622,0.0995447246475537,0.005141263035903649
80,0.25,0.15,12,1.3807062352889468,0.057029127812420005,5.161834029577398,0.270269292442106
80,0.25,0.1875,12,0.8981325386593921,0.05428524313715223,2.9526726144466746,0.21591163097098617
80,0.25,0.225,12,0.6442737602164571,0.026949561625717367,1.686309445706133,0.0860888023199049
80,0.25,0.2625,12,0.3484489673466474,0.018577842205116657,0.7570028519440776,0.04702895590832916
80,0.25,0.3,12,0.23209570218168904,0.01341453904489126,0.44326586895431835,0.02929844719535207
80,0.25,0.35,12,0.10852367521630707,0.0082475177534976,0.1854561569318263,0.014974594268874293
80,0.25,0.4,12,0.02313794508390026,0.0020150322498444576,0.035600310749575315,0.003236822374573672
80,0.3,0.1643,12,1.3583294072632979,0.05286929227766184,5.623236159152813,0.2937973391689199
80,0.3,0.2054,12,0.9470932176094268,0.06386415777443248,3.061542373195545,0.2523888729783431
80,0.3,0.2465,12,0.5612781517126751,0.03076781966783136,1.4242100378069136,0.09439488772351752
80,0.3,0.2876,12,0.34533055343239494,0.014072774500063029,0.7327587350611893,0.03421897143834874
80,0.3,0.3286,12,0.19458671635928462,0.013666154805068475,0.37203681494373847,0.028749509276501804
80,0.3,0.3834,12,0.056486492572206504,0.004041880388515506,0.09403327458874859,0.006084309870513837
80,0.3,0.4382,12,0.011625840552241905,0.0017463125735576153,0.01735606272208681,0.0024619222823204405
80,0.35,0.1775,12,1.5075459401889673,0.05801896160373195,6.718801974386363,0.42271963151297454
80,0.35,0.2219,12,1.1153805852491816,0.06350486108558268,4.0778047814849865,0.30197622845093886
80,0.35,0.2662,12,0.6198151521254708,0.03740141628719281,1.6699587315319857,0.13949056929757234
80,0.35,0.3106,12,0.3378714200720949,0.02438117108072056,0.75837882457738,0.06413150146198547
80,0.35,0.355,12,0.18525445834865406,0.015808245322035754,0.34434161084508347,0.028814021841095064
80,0.35,0.4141,12,0.03407532737849928,0.005679758149073465,0.054167298894451994,0.009105591053223686
80,0.35,0.4733,12,0.004176001160137726,0.00044341495930755895,0.005921999413872631,0.0006118354071001104
80,0.4,0.1897,12,1.6509435377225097,0.059878631650327,7.84587330589114,0.38634687051529637
80,0.4,0.2372,12,1.1681125504549013,0.06405090157681562,4.39884161138572,0.3122409348997428
80,0.4,0.2846,12,0.6349842415171715,0.03963493763913108,1.7712320102422527,0.15300486312824188
80,0.4,0.332,12,0.3469517286170049,0.020731406856018084,0.732833092572896,0.047543717882474974
80,0.4,0.3795,12,0.12775802495833652,0.01318041039501976,0.23867333942662175,0.025698317248142984
80,0.4,0.4427,12,0.027470209596433995,0.005263295580627164,0.0439917151142629,0.008732560490966958
80,0.4,0.506,12,0.0016263984038804467,0.0004698311765009891,0.0022340397673843897,0.0005912614606021757
80,0.5,0.2121,12,1.7965741721162454,0.04596957489681462,9.248735326111037,0.29968026851382956
80,0.5,0.2652,12,1.3024699203566796,0.04196049665878437,5.297516021251309,0.25489605442916546
80,0.5,0.3182,12,0.7429597514651194,0.04859440722656424,2.246159108445009,0.18414146180225632
80,0.5,0.3712,12,0.42232235380080957,0.03441172188522379,1.0005596235474024,0.09699275590244182
80,0.5,0.4243,12,0.19214433513132842,0.026971743543446752,0.37836598152728945,0.05577865961336201
80,0.5,0.495,12,0.005173149578220981,0.000626922369364768,0.008286316267199466,0.0010974866352430706
80,0.5,0.5657,12,0.0007269466670367788,0.00020153679489202895,0.0010061876458194905,0.0002848631121650777
80,0.6,0.2324,12,1.9267475282633801,0.04994043167327721,10.309452307116285,0.3602325011688548
80,0.6,0.2905,12,1.3406944337076876,0.03438124833193808,5.443823693629848,0.18410858147682996
80,0.6,0.3486,12,0.8550922037874376,0.031352130496734944,2.8036339241492025,0.10612377077852443
80,0.6,0.4067,12,0.4422871774369417,0.045705485495625614,1.0828265730918678,0.12662257196841598
80,0.6,0.4648,12,0.1279693132902543,0.015379748096408984,0.24402544140862223,0.027603118950669737
80,0.6,0.5422,12,0.011829597502666227,0.003117862157459284,0.02093572533591065,0.00637679505335466
80,0.6,0.6197,12,0.0003701347744614848,0.0001821856592248366,0.0004488026807394949,0.00022012839235161888
80,0.7,0.251,12,1.8892107903700521,0.02132333709506274,9.98698025198603,0.15127373041533232
80,0.7,0.3137,12,1.3120146425843886,0.03052180010502915,5.534440519086609,0.15553269942861891
80,0.7,0.3765,12,0.7782117148964914,0.031318812617423364,2.4747298015268187,0.1268761645998647
80,0.7,0.4392,12,0.41503730676088524,0.02805824124563583,1.000052026070293,0.07113571372811216
80,0.7,0.502,12,0.10723138710331903,0.015613432452104834,0.20850775564188515,0.03377239918974041
80,0.7,0.5857,12,0.0037698073647465524,0.0014142890829965536,0.0053593847105828955,0.0020276548056151235
80,0.7,0.6693,12,9.885992873016082e-05,6.796124982517239e-05,0.00011547888568769173,7.581042165202115e-05
80,0.8,0.2683,12,1.8248355577307682,0.013399482759695443,9.669805170993634,0.08442520027775191
80,0.8,0.3354,12,1.2414925686065286,0.012253745942192746,5.065084536862943,0.061022864030203836
80,0.8,0.4025,12,0.8476002293413639,0.023830683519166892,2.67771863036252,0.09870107702072965
80,0.8,0.4696,12,0.41344932358677244,0.020690892076150935,1.0009128312570872,0.05335391274737373
80,0.8,0.5367,12,0.11715346135663762,0.0131443690793511,0.20961135931540043,0.02211785544054613
80,0.8,0.6261,12,0.0023058175814625083,0.0006696376971272707,0.003302454995513683,0.0009067881645118855
80,0.8,0.7155,12,1.2628050344679296e-05,6.111538612523842e-06,1.4948963698939051e-05,6.907456250309358e-06
80,0.9,0.2846,12,1.7163752628719229,0.011281827760136037,8.760148944821603,0.0639112161522032
80,0.9,0.3558,12,1.1814608954235748,0.011474424669105556,4.6431199738396165,0.05759122875748941
80,0.9,0.4269,12,0.771934730700535,0.014699138295539805,2.3129932928828376,0.04909416725971348
80,0.9,0.4981,12,0.38347562499357374,0.012600138076627831,0.8803301909738798,0.03312140813708995
80,0.9,0.5692,12,0.07670727201368331,0.009021703180426718,0.131755823518682,0.014268016126365824
80,0.9,0.6641,12,0.001189228471779581,0.00023090197367895394,0.0016486788608532487,0.0003192667686634207
80,0.9,0.7589,12,1.6213664910224412e-05,1.3450911659992613e-05,1.7100073696099227e-05,1.415165681888332e-05
80,1.0,0.3,12,1.5514705013864383,0.009953777662591527,7.356282152181396,0.05645168682718154
80,1.0,0.375,12,1.064424464851666,0.005925961334626592,3.875617578304834,0.029111119589661102
80,1.0,0.45,12,0.6308947065304298,0.011375718269451001,1.701844502687689,0.03791719557581488
80,1.0,0.525,12,0.22815833665875773,0.006725955664967343,0.4628838583638946,0.014921024541078423
80,1.0,0.6,12,0.03433922836899938,0.001759405251297689,0.05306973910253577,0.003305355424450751
80,1.0,0.7,12,0.0009508660997007939,0.0002914606557885623,0.0011606457951803164,0.0003745329875350345
80,1.0,0.8,12,4.685562738672433e-08,1.9698864885963898e-08,4.812368083705789e-08,2.0285571639540758e-08
96,0.05,0.0671,12,1.1053260475053133,0.012983094855668887,3.1368412215548047,0.06383183053673074
96,0.05,0.0839,12,0.8040563241951567,0.013649390933805596,2.1746555914864207,0.0525060773062024
96,0.05,0.1006,12,0.564373343109054,0.012886210160475507,1.4136127126175158,0.045086484593845705
96,0.05,0.1174,12,0.8187086781617308,0.008044874888526617,2.077871979723522,0.02608634315840504
96,0.05,0.1342,12,0.5599024938787708,0.0067930542201912626,1.2452679666325641,0.023353196696427124
96,0.05,0.1565,12,0.45853403607188464,0.008743540602470337,0.9458697033368614,0.026084875033457463
96,0.05,0.1789,12,0.3439896417087493,0.007634837938321362,0.6729928005439878,0.018684688145693122
96,0.1,0.0949,12,0.7777124265726294,0.03807753444954906,2.3457868393151755,0.1444850423811754
96,0.1,0.1186,12,0.9072205936950662,0.018407386486160145,2.6470804994966035,0.07184041001961208
96,0.1,0.1423,12,0.705289297658844,0.01828617195525384,1.7941407535833107,0.06206023086190081
96,0.1,0.166,12,0.5239592535456224,0.013761313252772389,1.2127796627046443,0.043628807326208704
96,0.1,0.1897,12,0.3601502522097381,0.010985358125341087,0.7602177481531003,0.027816195680813158
96,0.1,0.2214,12,0.263037333026702,0.010671223964308056,0.5064820422153544,0.0220596058458717
96,0.1,0.253,12,0.23911048725861309,0.008371924611377453,0.42626518878886194,0.015261578539681997
96,0.15,0.1162,12,1.1639539210782408,0.03819797693762484,4.054599946743296,0.22231059863517916
96,0.15,0.1452,12,0.925925562427773,0.05239742881181922,2.7823546294485215,0.21674613209913846
96,0.15,0.1743,12,0.5917198452784496,0.026984838322682933,1.5121377757500707,0.08308739843719824
96,0.15,0.2033,12,0.3678892360233703,0.016009660067250974,0.8080076745834326,0.03722426911441817
96,0.15,0.2324,12,0.2610581068369842,0.013978936421151613,0.5268753323074931,0.0288452679489307
96,0.15,0.2711,12,0.197496750923001,0.010423667133560474,0.3660064954628965,0.020359347794158485
96,0.15,0.3098,12,0.09507497816255049,0.0034523925370196435,0.16075030174800223,0.0069713085903382824
96,0.2,0.1342,12,1.2476789981510683,0.05920789458703496,4.830354438616157,0.33701913453620996
96,0.2,0.1677,12,0.8785133599916058,0.02432119879354482,2.8094690636831547,0.10931331444188586
96,0.2,0.2012,12,0.53146444712092,0.03179058363970656,1.338520358864737,0.09912014219291168
96,0.2,0.2348,12,0.37275462018119465,0.017275965177827403,0.8091592448690091,0.049419510528377626
96,0.2,0.2683,12,0.2528830633163052,0.014966613431805453,0.5001472466515835,0.031570326036442733
96,0.2,0.313,12,0.09235643995546135,0.005150658277777775,0.16176033517901126,0.008774441388645927
96,0.2,0.3578,12,0.042631631245655784,0.00782512945632059,0.06833983530766524,0.012331585727390612
96,0.25,0.15,12,1.3466911209257486,0.07161835080601638,5.435621296173623,0.41819854179848676
96,0.25,0.1875,12,0.8312734649518339,0.04979057559017876,2.7233197332429158,0.24441475366204626
96,0.25,0.225,12,0.5328559081575469,0.04337426002610697,1.3377598986428436,0.12826171913234452
96,0.25,0.2625,12,0.37432125002813527,0.03220464048487619,0.8465007236205939,0.08745257599902072
96,0.25,0.3,12,0.15393212913559798,0.008586505815400016,0.29089758125099346,0.016970733464888973
96,0.25,0.35,12,0.04834957120081831,0.004254945261729653,0.08282617571505119,0.007281954922377039
96,0.25,0.4,12,0.016336274627074664,0.0033367059976960834,0.02560961449915138,0.005403374278786543
96,0.3,0.1643,12,1.565375518268133,0.04948068374680668,7.058289686950434,0.35247319628223456
96,0.3,0.2054,12,1.1128291204767755,0.05556111273201952,3.891794004693542,0.2538747465135543
96,0.3,0.2465,12,0.6097309332568379,0.0431309126489127,1.60060169589893,0.15027176157199262
96,0.3,0.2876,12,0.3426846680876015,0.027002701642888934,0.7438059687114573,0.0635874240998035
96,0.3,0.3286,12,0.14549245130780936,0.01198840972239157,0.2835793621532956,0.02557183691209748
96,0.3,0.3834,12,0.04538127323008775,0.008375844820873175,0.07266958356460496,0.013168489737296613
96,0.3,0.4382,12,0.004560915751273344,0.0005277443736973677,0.006608588737204924,0.0007328168305192416
96,0.35,0.1775,12,1.566575323867702,0.07354152394750248,7.407560552624015,0.42712346705918164
96,0.35,0.2219,12,1.1010102362437288,0.03811139374196066,4.1099780749316235,0.1708824098427649
96,0.35,0.2662,12,0.6096385258133743,0.05549239757356354,1.726344417284215,0.2047362341200849
96,0.35,0.3106,12,0.34399109045498993,0.03810515365429868,0.7894402840195877,0.1050219066219645
96,0.35,0.355,12,0.12125011808629482,0.017984547300899715,0.23514636990502638,0.038139015437835384
96,0.35,0.4141,12,0.025341887169670053,0.005938000773057885,0.03991972242235807,0.009239039036273829
96,0.35,0.4733,12,0.0041813332930490015,0.0014316790156453348,0.006197270397834784,0.002055226387092552
96,0.4,0.1897,12,1.8368536462758491,0.0550941078004701,9.619760414631067,0.3937766895207892
96,0.4,0.2372,12,1.1749612796148783,0.08326902762874823,4.657340636204637,0.41648722739070215
96,0.4,0.2846,12,0.7690372326706663,0.05957157031575926,2.3994367920171107,0.25242971614549703
96,0.4,0.332,12,0.38971060378208927,0.03175007728246191,0.9387504633573943,0.09806280079508178
96,0.4,0.3795,12,0.10174668285334941,0.015959054993581172,0.19413256290369882,0.035238115037973895
96,0.4,0.4427,12,0.025117895982608357,0.012723987592721161,0.038136873191215996,0.01806765460061814
96,0.4,0.506,12,0.001482678201389729,0.0010008734268416107,0.0025731004283359974,0.0018901225461534672
96,0.5,0.2121,12,1.9542256372232127,0.04415263023860655,10.70755239856719,0.3393016329769206
96,0.5,0.2652,12,1.2562945158268402,0.04672422982523389,5.1983560335254,0.2427008946433115
96,0.5,0.3182,12,0.8897745387391591,0.04075958780443392,3.081426208117217,0.18800949839304068
96,0.5,0.3712,12,0.48939203711259366,0.04407784416827872,1.2951393865257688,0.13711535048971324
96,0.5,0.4243,12,0.16612086301569107,0.04492076129607466,0.3570531583656378,0.10090960357974478
96,0.5,0.495,12,0.010988616401090704,0.005173158010385185,0.01996573730270194,0.009446403739088234
96,0.5,0.5657,12,0.000384797375022548,0.0002132623033636594,0.000501119844385731,0.0002675551588090923
96,0.6,0.2324,12,1.99104825015433,0.037151566323502534,11.500148976601706,0.3125564233706146
96,0.6,0.2905,12,1.3221915440870884,0.028497876865808482,5.871877970148499,0.1544145565616234
96,0.6,0.3486,12,0.8870499266234401,0.043991738719918703,2.946829842170129,0.18264692075459948
96,0.6,0.4067,12,0.5181355512426181,0.0391033077377114,1.4078403795928318,0.14719406647896446
96,0.6,0.4648,12,0.13634437090993018,0.03465309415729689,0.28231506483851904,0.07609456021427982
96,0.6,0.5422,12,0.008013709664923676,0.0024312630475868324,0.012444995481011148,0.0036792662051889835
96,0.6,0.6197,12,7.214936163480784e-05,3.3325819790754076e-05,8.814719553136986e-05,3.954441220341026e-05
96,0.7,0.251,12,1.9364592457959091,0.02225323671992508,11.114107334639428,0.15904813417626165
96,0.7,0.3137,12,1.377747037634581,0.015205737181717156,6.065512489350688,0.06596648003340429
96,0.7,0.3765,12,0.8911759315516049,0.0162861946967016,3.014092377849922,0.07440194501593432
96,0.7,0.4392,12,0.38970342974351874,0.04656880627307839,1.002750442441977,0.12802979834033526
96,0.7,0.502,12,0.13540003237823153,0.030627205839478915,0.27635045634220373,0.06411924627576354
96,0.7,0.5857,12,0.0065746888784214,0.002383366249233434,0.009270058962268268,0.0033380638966405956
96,0.7,0.6693,12,3.152037479167268e-05,1.7608535339033497e-05,4.136193661144016e-05,2.281178451479616e-05
96,0.8,0.2683,12,1.8710331880078,0.010098347713161048,10.489086998814777,0.09006382424415062
96,0.8,0.3354,12,1.3279157572149283,0.01657158641933412,5.844594941045956,0.10094301309366575
96,0.8,0.4025,12,0.8696562245998657,0.04338587041781268,2.8942720143867073,0.17121260813543895
96,0.8,0.4696,12,0.37329992871944423,0.02152732923374153,0.9116913780276282,0.06824612843777836
96,0.8,0.5367,12,0.1319999126964175,0.019516323720246205,0.24498871720108706,0.03866255750866132
96,0.8,0.6261,12,0.0020832536163584796,0.00084861486229622,0.0030443847983658095,0.0013385276528175578
96,0.8,0.7155,12,2.261112048725118e-06,8.948795632460644e-07,2.4962981950117492e-06,9.775188278614193e-07
96,0.9,0.2846,12,1.7666947120636538,0.01230035514697421,9.631204819962997,0.07186473895344424
96,0.9,0.3558,12,1.2014896058573288,0.011305074127307437,4.999727074919375,0.06122649188012353
96,0.9,0.4269,12,0.7722345926641169,0.011493829315119922,2.426156755037487,0.04516347498942033
96,0.9,0.4981,12,0.3423806573551153,0.013380732687296355,0.7754072382720908,0.03201390662730893
96,0.9,0.5692,12,0.05384707694722582,0.0071862536267565304,0.0931932081783356,0.011530899574269992
96,0.9,0.6641,12,0.0007822327195253511,0.0004794096363134926,0.0008955899720855402,0.000538205704498447
96,0.9,0.7589,12,1.2216505857297102e-07,4.1159068619466316e-08,1.321173459703002e-07,4.4396370893387925e-08
96,1.0,0.3,12,1.5769545434078127,0.00571348554724128,7.910473802957157,0.0459411381694025
96,1.0,0.375,12,1.0577731504114845,0.00591389975665438,4.035213168294131,0.02829788842549014
96,1.0,0.45,12,0.6217830400417877,0.010444143946702057,1.764356129106597,0.034304950481485914
96,1.0,0.525,12,0.2014814267066295,0.007994151113183686,0.4168346717532136,0.018473645128300836
96,1.0,0.6,12,0.0221516552633568,0.0023143992065303804,0.03632808816355416,0.004158273103321767
96,1.0,0.7,12,0.00019300077955257617,9.980387584636793e-05,0.0002191882608901828,0.00010047101540235811
96,1.0,0.8,12,1.610678160869165e-09,8.231012249609137e-10,1.76272396884354e-09,8.80439288289278e-10
112,0.05,0.0671,12,1.0760706401721973,0.01131196049662847,3.1984180202426438,0.05448513489734849
112,0.05,0.0839,12,0.5928284385489805,0.0230430049411156,1.6605681386791222,0.08359477552711364
112,0.05,0.1006,12,0.8771557821437862,0.01081248923264266,2.374331745474278,0.035595872380207685
112,0.05,0.1174,12,0.5954819490416196,0.010845094724184642,1.4256619370028314,0.03577772904030013
112,0.05,0.1342,12,0.5372384716363802,0.01104898546636879,1.1944379305978035,0.029085400752151058
112,0.05,0.1565,12,0.38759578745689605,0.010962906430661175,0.8077864029380627,0.027182302821881013
112,0.05,0.1789,12,0.2549002314785633,0.0050312137290007275,0.49239540123446685,0.011079036127399274
112,0.1,0.0949,12,0.9208755499118838,0.03211139888287501,2.9604023544338234,0.11678259239388053
112,0.1,0.1186,12,0.7723586742227918,0.03362979246238686,2.197253296805536,0.12022818392430434
112,0.1,0.1423,12,0.6118606283261422,0.025942301246785503,1.5367967075519362,0.07943245604674584
112,0.1,0.166,12,0.43832511701349147,0.023576197555108917,1.018262642924977,0.06265240503461775
112,0.1,0.1897,12,0.3363504877195835,0.018986386257447634,0.7175740366547748,0.043385229288712045
112,0.1,0.2214,12,0.31917371494633023,0.01979582837890287,0.6395287236008241,0.04379103929811741
112,0.1,0.253,12,0.15045287917240127,0.006770154352396855,0.2700293034325208,0.013418535899640987
112,0.15,0.1162,12,1.019738653376864,0.048556445580300166,3.594699751271858,0.2444840689764994
112,0.15,0.1452,12,0.8014985788708672,0.044477966087198444,2.4354456936156503,0.1832973771279737
112,0.15,0.1743,12,0.5283050401313673,0.030429894022671766,1.3232740867118828,0.08204436740477396
112,0.15,0.2033,12,0.4034475009592618,0.018742465522657292,0.9023152972966311,0.047480355319624565
112,0.15,0.2324,12,0.32275948143756666,0.01345001508815498,0.6607337074308233,0.03146635405967488
112,0.15,0.2711,12,0.13872859204056834,0.008216555636577475,0.2545648250669616,0.01605422005822147
112,0.15,0.3098,12,0.06840247794737325,0.005203820542501042,0.1163961820689481,0.008971244924952729
112,0.2,0.1342,12,1.2900212862193976,0.05745658743319593,4.929541342421938,0.2725186736880399
112,0.2,0.1677,12,0.9055593546277504,0.0730645095707785,2.961351793339802,0.30144040773143194
112,0.2,0.2012,12,0.517582893193554,0.025735260863459317,1.3425924428291796,0.08688847893230284
112,0.2,0.2348,12,0.39108684880334227,0.019321498483074843,0.870917082879001,0.04519291104214776
112,0.2,0.2683,12,0.2576800159983843,0.021002426574493787,0.5185432687468696,0.05093595620990996
112,0.2,0.313,12,0.07328206087897272,0.004051711019854724,0.1275828279115661,0.007301548117751363
112,0.2,0.3578,12,0.02673514842738357,0.0030522676749788103,0.042437814379515486,0.004727684174520867
112,0.25,0.15,12,1.4100134873327586,0.06261403264597215,5.883131048313326,0.3289775941019697
112,0.25,0.1875,12,0.9500378488904252,0.0502963831937453,3.227925794101289,0.22018754898099552
112,0.25,0.225,12,0.5729857012851277,0.04657623508217666,1.5614262256553022,0.1677580475253504
112,0.25,0.2625,12,0.31173214812526473,0.02318943434751816,0.6900786595770073,0.057636172029922335
112,0.25,0.3,12,0.13603474062564822,0.017561322154008484,0.2674421989841414,0.03825785749678487
112,0.25,0.35,12,0.04603537759414631,0.006468191123963417,0.07863650830995907,0.010828165432090532
112,0.25,0.4,12,0.009274762585113769,0.0009775790036794852,0.01402311086779446,0.001454501011010796
112,0.3,0.1643,12,1.76603605368967,0.09223425277472187,8.653533980933053,0.605907679983647
112,0.3,0.2054,12,1.2011782994937188,0.09118967859277634,4.650965559500038,0.42402561270677186
112,0.3,0.2465,12,0.704980126827169,0.06812111056162544,2.1224289604846613,0.25317449652201335
112,0.3,0.2876,12,0.34731402907635656,0.043076832983652634,0.791847507833307,0.10654121736090529
112,0.3,0.3286,12,0.1105256230628373,0.013220893790607086,0.20938858741213862,0.02284608075762959
112,0.3,0.3834,12,0.027427577189693863,0.0044394677242605,0.046191771338953684,0.007422286766574561
112,0.3,0.4382,12,0.0022967148157531756,0.00038521859522524176,0.003481151553633226,0.0005794458661524651
112,0.35,0.1775,12,1.8019574663329188,0.07125743922313094,9.522104998384252,0.4758509307302159
112,0.35,0.2219,12,1.1328395010356138,0.05450971364959464,4.450512015031639,0.28840492026197706
112,0.35,0.2662,12,0.5698160653319242,0.061473968805148806,1.723105036354747,0.25673992877878365
112,0.35,0.3106,12,0.26799819813400677,0.03508325811202905,0.6072656135277227,0.08456843266359292
112,0.35,0.355,12,0.12617561022227214,0.03952581011946674,0.2550689874789687,0.08341788066033642
112,0.35,0.4141,12,0.01325953595885919,0.0032782025754756697,0.021445868992395613,0.004971337683126651
112,0.35,0.4733,12,0.0013593939812336833,0.000574916591037384,0.0019044792003233082,0.0007936019974353106
112,0.4,0.1897,12,1.9875871721806353,0.0735114615420021,11.352394172727449,0.5735977258511239
112,0.4,0.2372,12,1.2192774021395518,0.0638563321960538,5.133797400113987,0.3607086683309264
112,0.4,0.2846,12,0.762930693365405,0.06373871703780379,2.460044714148894,0.2635799485662064
112,0.4,0.332,12,0.4229089548519857,0.0536242963469825,1.0906423113579533,0.16370328556920277
112,0.4,0.3795,12,0.14099462498066398,0.019492512321421455,0.2902008837167313,0.04451213469116958
112,0.4,0.4427,12,0.006337012251924924,0.0018408436942711373,0.010852404433302801,0.003312334559358825
112,0.4,0.506,12,0.0005936167892043328,0.0002169792604391553,0.0009685981389786965,0.00037557837066527056
112,0.5,0.2121,12,1.9882810637695512,0.059319974918477084,11.433242111695042,0.46882824225954733
112,0.5,0.2652,12,1.3906838177890168,0.03799539872164277,6.42119569725661,0.23795987929494397
112,0.5,0.3182,12,0.8426896833762928,0.05812218636863482,3.047117824270343,0.26264840765501446
112,0.5,0.3712,12,0.35865073419946986,0.07271848436673307,0.9262556767936322,0.20395133140005575
112,0.5,0.4243,12,0.21073158415306828,0.03470576754094226,0.4370936157888276,0.0781731400803005
112,0.5,0.495,12,0.008667989280469234,0.0029637781725850684,0.014138724885615572,0.004444207660510558
112,0.5,0.5657,12,0.00015045710754570755,5.7735765321750765e-05,0.00018977087321281916,7.292243076478077e-05
112,0.6,0.2324,12,2.0537261633592006,0.03598233912252394,12.59796042423268,0.35412599720207943
112,0.6,0.2905,12,1.411499012027759,0.04321681222027232,6.6251689279838475,0.23939167020152874
112,0.6,0.3486,12,0.8571374384415655,0.06318992105627375,3.0721735753905413,0.28361546833187984
112,0.6,0.4067,12,0.5444295689330735,0.04890633731805099,1.4324122205243375,0.13614259051250446
112,0.6,0.4648,12,0.19096459646380917,0.03179125194172226,0.4173778416205461,0.06993110002291253
112,0.6,0.5422,12,0.0022893790415404788,0.0006289484839979328,0.003528101717235546,0.0009005259388944287
112,0.6,0.6197,12,1.3073734759077096e-05,8.122384286754952e-06,2.1275257386699314e-05,1.4019534752837381e-05
112,0.7,0.251,12,1.9889936055914168,0.03392312211762774,11.952930838424143,0.24017310885312979
112,0.7,0.3137,12,1.3833466870151583,0.015218257183543245,6.387705614167191,0.11811527154660434
112,0.7,0.3765,12,0.9215786825221947,0.042520441100202075,3.2376968762056446,0.16634991293245863
112,0.7,0.4392,12,0.43471078230510424,0.047082638707018364,1.1345195002752944,0.14312443644398934
112,0.7,0.502,12,0.12952732435201703,0.02358469913292054,0.23979118049818834,0.04189857079650845
112,0.7,0.5857,12,0.002784447958825384,0.000992496236247501,0.004222871616067392,0.0015146846315522544
112,0.7,0.6693,12,0.0009184315719482343,0.000699499445362892,0.0010393195548030827,0.0007904698602844505
112,0.8,0.2683,12,1.918095181008079,0.015831407898681364,11.437249210404966,0.1082304700270336
112,0.8,0.3354,12,1.3605410291289661,0.023964782246571805,6.203615024601021,0.14728333877192892
112,0.8,0.4025,12,0.852673470405101,0.037810496160789,2.959461962035775,0.1677572158887925
112,0.8,0.4696,12,0.4652274004147163,0.0398350961418786,1.1983944965126743,0.12629933408887128
112,0.8,0.5367,12,0.10882210502862555,0.02648249173127505,0.1986638962002281,0.05064346654708627
112,0.8,0.6261,12,0.0007137297037330281,0.00029155449428260044,0.0009350672058222957,0.0003782031279448605
112,0.8,0.7155,12,5.435411000001498e-07,3.396918430365791e-07,5.975848202604485e-07,3.647931794026903e-07
112,0.9,0.2846,12,1.7714982859677824,0.014281326678747,10.08452263971054,0.11415272802402361
112,0.9,0.3558,12,1.2189776019601726,0.01810593557761186,5.306695706196279,0.08926706986932803
112,0.9,0.4269,12,0.8011002837948838,0.017790704452911678,2.618327216240997,0.07302372765300025
112,0.9,0.4981,12,0.3426773291021552,0.02670879670956289,0.8000853820963935,0.05983573737761447
112,0.9,0.5692,12,0.03662979460332825,0.004748551451797437,0.06750833079163913,0.01075779312014628
112,0.9,0.6641,12,0.00028903897129231555,0.00020801066397217204,0.0004520117414480388,0.0003411304121852999
112,0.9,0.7589,12,1.0752725952848628e-07,9.322402628292662e-08,1.1337128600664676e-07,9.81543014211274e-08
112,1.0,0.3,12,1.5937269335361215,0.007295215808832398,8.373902741293296,0.050092493732249374
112,1.0,0.375,12,1.0891893154441445,0.007756705310396945,4.338119557902899,0.03521219773085381
112,1.0,0.45,6,0.6155946157958666,0.007251717553708524,1.7770325017342599,0.02373015478781317
128,0.05,0.0671,12,1.005179021447894,0.01560224835344388,3.1616253294079084,0.0726935881699753
128,0.05,0.0839,12,0.7143839836933918,0.008538213705019056,1.9686106920693562,0.033867178328646455
128,0.05,0.1006,12,0.6984517362054384,0.009131446303701822,1.8129119408289913,0.033188213998597046
128,0.05,0.1174,12,0.5818373464632652,0.007589233451277187,1.3853343320709044,0.02375408215384528
128,0.05,0.1342,12,0.42492270205762267,0.013617221487893625,0.931038134279001,0.034692702771261304
128,0.05,0.1565,12,0.2845902606022625,0.0074868874232224165,0.588306390412694,0.018715637157771286
128,0.05,0.1789,12,0.3667866590375793,0.012485948948336989,0.7396827389200427,0.02605969042741939
128,0.1,0.0949,12,1.0558491084646269,0.04206134718370962,3.5118159906688313,0.19156701346744257
128,0.1,0.1186,12,0.7137330180143276,0.016581893550043702,1.977805358517178,0.06465425839956787
128,0.1,0.1423,12,0.5496840427694218,0.013126318166891655,1.3959766216753469,0.04867943896085648
128,0.1,0.166,12,0.41523895648448095,0.018549222518554013,0.9414556591229756,0.04601370970490151
128,0.1,0.1897,12,0.4904432827315368,0.03140740278698498,1.1325774431531823,0.0895282817562798
128,0.1,0.2214,12,0.20047654902371714,0.005735413702479092,0.3869943589357543,0.010669286706048688
128,0.1,0.253,12,0.11861185113319905,0.004957963291099884,0.20857795680868088,0.008762162081884343
128,0.15,0.1162,12,1.1215096722613542,0.05862218572380579,3.9398854224622624,0.2668725816071535
128,0.15,0.1452,12,0.7698004045443408,0.04313483133213054,2.336919297671796,0.16845260477175156
128,0.15,0.1743,12,0.5664374797323902,0.02538756578872667,1.5031413506203608,0.08092994177454081
128,0.15,0.2033,12,0.450488097929623,0.02062911049325477,1.0810574384298117,0.06921761706020603
128,0.15,0.2324,12,0.2590228876038791,0.015436697573988523,0.5240435259621447,0.03123230280751215
128,0.15,0.2711,12,0.12664585638366097,0.0086890201531612,0.2337116547826613,0.016264779130382916
128,0.15,0.3098,12,0.047273287103715304,0.0030949132173548203,0.07882839744277785,0.00484039778866724
128,0.2,0.1342,12,1.2270640491293505,0.06766127394853094,5.039814161507095,0.3147273412827279
128,0.2,0.1677,12,0.8616178293851391,0.03468884574068408,2.8463819854310235,0.15542862983534173
128,0.2,0.2012,12,0.6002339824834962,0.04048502948642254,1.6820953863608008,0.1215541196553809
128,0.2,0.2348,12,0.323835839990916,0.0226470691963864,0.7174036784276866,0.05644915230753825
128,0.2,0.2683,12,0.14503404338945863,0.016551776992831065,0.28833431450825725,0.03367400920271308
128,0.2,0.313,12,0.05046820086560608,0.005013783123889298,0.09050548418064802,0.010472403751615117
128,0.2,0.3578,12,0.01601897076650504,0.002737469817202855,0.025557370671276784,0.004166446432767759
128,0.25,0.15,12,1.484753423019459,0.07582994881426784,6.941033031251963,0.6033808791952487
128,0.25,0.1875,12,1.0953090254779114,0.07232933351827472,3.932572071501903,0.30182521627883424
128,0.25,0.225,12,0.5476701600625065,0.04160394977088107,1.528770019817421,0.1517767411046198
128,0.25,0.2625,12,0.27112496293263727,0.01808558141861519,0.6066140665408263,0.04395585018165419
128,0.25,0.3,12,0.1372369652240026,0.016795117131286442,0.2570531767174447,0.03255143800759959
128,0.25,0.35,12,0.030040482601530586,0.009190709601037869,0.05409187179183999,0.016856513952964416
128,0.25,0.4,12,0.003601564883450747,0.0005945419796487023,0.00540123025212343,0.0008638491049965129
128,0.3,0.1643,12,1.9408716730460736,0.10990975549926177,10.640756339616003,0.6709643179406074
128,0.3,0.2054,12,1.1706798628207344,0.08332742720827613,4.781692546777146,0.40741428315694445
128,0.3,0.2465,12,0.7169230774765195,0.04752655127346176,2.2766897770034578,0.20777292964185787
128,0.3,0.2876,12,0.28290616105956473,0.02043317439221074,0.6551506291182331,0.060839108650638934
128,0.3,0.3286,12,0.11086182932295129,0.01638236781418297,0.226612488594353,0.0389000083128628
128,0.3,0.3834,12,0.013048503956163207,0.0018716358625941818,0.021377938239946687,0.002956693500171258
128,0.3,0.4382,12,0.0017969790059666326,0.0006156273582801267,0.0026501037473290984,0.0009182607230790626
128,0.35,0.1775,12,1.8398858106374043,0.07458871119969825,10.312153316574395,0.6091743148350004
128,0.35,0.2219,12,1.2264819871187531,0.05945597805530776,5.332147085032919,0.3579979161918947
128,0.35,0.2662,12,0.6905877385110893,0.07354667675475904,2.1125670515421433,0.2809135201564103
128,0.35,0.3106,12,0.3360374600286218,0.040395996299889964,0.8009387979002113,0.1048257492148927
128,0.35,0.355,12,0.09411138539117693,0.015321699988920013,0.1818972496658091,0.03145459897499892
128,0.35,0.4141,12,0.01306989899463546,0.004962288318628052,0.020487756762457867,0.007316650234884488
128,0.35,0.4733,12,0.0026190631052847076,0.0023048904582907005,0.003851494710119389,0.003391503418712957
128,0.4,0.1897,12,1.9204410015229272,0.06143663296548147,11.195655837646406,0.45957616511600796
128,0.4,0.2372,12,1.3518750565362387,0.026318971622102432,6.214875968391084,0.1626574067623975
128,0.4,0.2846,12,0.7650681476678759,0.07061122529291025,2.5290683036781005,0.3023023091017407
128,0.4,0.332,12,0.40058028740935486,0.05198391374481517,1.0362467865466407,0.1597959841166747
128,0.4,0.3795,12,0.09495647212243545,0.023521810096784557,0.19556874329332674,0.04941207057002871
128,0.4,0.4427,12,0.02501060845739717,0.009750076025682864,0.044807942558041804,0.01786183470639922
128,0.4,0.506,12,0.00029807946622381317,0.00021894463697316437,0.0005231252191325932,0.00040752724480792933
128,0.5,0.2121,12,2.2313810259966504,0.049974211264021476,14.488697130041814,0.43733738132629746
128,0.5,0.2652,12,1.4480937889356948,0.05777145142848759,6.968822361499973,0.3881167272035986
128,0.5,0.3182,12,0.8401606076545574,0.07204057288823826,3.05257103864901,0.31826355913472787
128,0.5,0.3712,12,0.5687070475297199,0.06011016117951099,1.7108109413872923,0.21088932698793414
128,0.5,0.4243,12,0.15257741016985663,0.03595220265657712,0.34251380899242106,0.08828914243752731
128,0.5,0.495,12,0.005190716306020006,0.002029440746147532,0.008523635037611475,0.0033450354733672925
128,0.5,0.5657,12,0.00012507356456445724,6.72764341454766e-05,0.00019182646954730013,9.856431712554277e-05
128,0.6,0.2324,12,2.0735245147992605,0.03173179443085135,13.30725551124924,0.2540547523160606
128,0.6,0.2905,12,1.3931988274385025,0.05687408814569941,6.798371675152663,0.3304321175030082
128,0.6,0.3486,12,0.9337065256858056,0.05689204965707311,3.4709463543930603,0.2903746088676036
128,0.6,0.4067,12,0.5516272472216032,0.06443073653766503,1.5904051665254888,0.20523313195462242
128,0.6,0.4648,12,0.11795256893489364,0.019442568685164956,0.24684022506330985,0.04320858293096582
128,0.6,0.5422,12,0.000965520543115415,0.000280897097976801,0.0014499806627968643,0.00043161056311821153
128,0.6,0.6197,12,2.032947713009678e-06,1.0630897163484065e-06,2.939516314691251e-06,1.7108314164713768e-06
128,0.7,0.251,12,1.9992710516928194,0.03571639334550728,12.55620796104673,0.26681938110265546
128,0.7,0.3137,12,1.3568444047917805,0.04571428391483282,6.457644139336305,0.2903639357876429
128,0.7,0.3765,12,0.9581301526392881,0.048502489036831076,3.5818011400011707,0.23983139535093834
128,0.7,0.4392,12,0.5112727148395487,0.06143975774926902,1.3937485823081277,0.1804691274724416
128,0.7,0.502,12,0.10263028214293916,0.029420926838295322,0.2044041186543888,0.05222414825005711
128,0.7,0.5857,12,0.0008129859835641317,0.000550759624297544,0.0010499621941374515,0.0006901890643895744
128,0.7,0.6693,12,9.475080940965844e-07,4.79246860488775e-07,1.524367012578441e-06,8.899437103715873e-07
128,0.8,0.2683,12,1.8968839178655885,0.02306553555999987,11.624079679910198,0.17534451160176182
128,0.8,0.3354,12,1.2675127825765855,0.0413160004594293,5.902890712792556,0.20345729190108944
128,0.8,0.4025,12,0.9203714853853461,0.02257292291760523,3.3495381559053796,0.09919191894702112
128,0.8,0.7155,12,2.6387016404793434e-08,1.3671609118210063e-08,2.864721817363776e-08,1.4727835005455425e-08
128,0.9,0.2846,12,1.8230898381069673,0.012374335887595903,10.79142393832655,0.09141886894030013
